code_v2013,code_v2024,uniqueID,areaKm,pop11,pop21,artif_surf12,artif_surf18,bu_vol
AT11,AT11,AT11AT11,3965.4199487140304,285557.18805979146,296993.0,31396.0,32956.0,148612147.99999994
AT12,AT12,AT12AT12,19194.88814906845,1619286.290030751,1703140.0,159869.0,167775.0,708826198.9999962
AT13,AT13,AT13AT13,413.4669725750013,1709545.037183042,1923149.0,26280.0,26426.0,516677241.99999744
AT21,AT21,AT21AT21,9542.495582891228,556323.0291062002,564404.0,50454.0,54740.0,205045001.00000173
AT22,AT22,AT22AT22,16412.934960006314,1208962.9217565947,1252010.0,101014.0,108030.0,486530816.9999997
AT31,AT31,AT31AT31,11984.851222564737,1414265.859082472,1504475.0,115144.0,121174.0,570566248.9999994
AT32,AT32,AT32AT32,7158.902262764474,529055.5026629753,561677.0,38677.0,41222.0,169273526.99999887
AT33,AT33,AT33AT33,12649.100410352969,709565.2198449104,762811.0,52626.0,54687.0,266875419.00000063
AT34,AT34,AT34AT34,2620.408253997298,370407.5061892921,400623.0,20531.0,22005.0,143064827.00000054
BE10,BE10,BE10BE10,162.09833523328476,1130176.1008149374,1216332.0,14032.0,14098.0,328804752.9999998
BE21,BE21,BE21BE21,2869.842520417974,1772402.480393552,1878443.0,107361.0,109611.0,727847484.0000012
BE21,BE23,BE21BE23,1.2397530373533896,0.0,0.0,0.0,0.0,3735.0
BE22,BE22,BE22BE22,2427.9354537868994,847345.3622539358,883114.0,68796.0,70782.0,416895868.0
BE23,BE21,BE23BE21,1.3361703077302294,0.0,0.0,0.0,0.0,1169.9999999999998
BE23,BE23,BE23BE23,3005.288033800484,1447180.7149468,1532951.0,93737.0,97465.0,573253682.0000004
BE24,BE24,BE24BE24,2118.2101838975705,1090376.050717338,1163038.0,69492.0,71291.0,373982794.99999917
BE25,BE25,BE25BE25,3168.018720852141,1167670.6591028161,1206703.0,81921.0,86645.0,643765386.9999995
BE31,BE31,BE31BE31,1097.177982383807,383019.25493477023,408266.0,28820.0,29719.0,114431775.00000377
BE32,BE32,BE32BE32,3813.555859032275,1321640.0169288535,1352535.0,82417.0,85468.0,396731301.99999964
BE33,BE33,BE33BE33,3857.258474987335,1080806.4954777202,1113355.0,67109.0,69784.0,287645968.0000002
BE34,BE34,BE34BE34,4459.951233324266,272735.02548239357,291611.0,30923.0,32849.0,91931697.99999975
BE35,BE35,BE35BE35,3675.7751096506004,477855.6671385916,500133.0,42479.0,44503.0,132419183.99999996
BG31,BG31,BG31BG31,19062.005371269188,847115.9218631441,689455.0,83694.0,85690.0,267967825.99999905
BG32,BG32,BG32BG32,14817.414658713642,860713.1996595289,698990.0,75089.0,77252.0,250541381.00000048
BG33,BG33,BG33BG33,14646.725959327976,965492.9140183617,828442.0,79305.0,80827.0,244020326.00000077
BG34,BG34,BG34BG34,19801.082759969293,1075599.0647999467,956388.0,101386.0,104867.0,296951403.0000006
BG41,BG41,BG41BG41,20300.422694529778,2132782.886718843,1981422.0,102543.0,106569.0,509787692.99999976
BG42,BG42,BG42BG42,22365.23771130404,1479228.0066242996,1306266.0,93029.0,96912.0,416566498.99999785
CH01,CH01,CH01CH01,8716.910112187026,1501544.0947488814,1684532.0,66028.0,69770.0,452976245.0000007
CH02,CH02,CH02CH02,10059.146379131742,1772100.3056817688,1907616.0,92709.0,96760.0,547907919.9999977
CH03,CH03,CH03CH03,1958.44426652828,1073705.4686153028,1188344.0,42344.0,43086.0,336781279.99999803
CH04,CH04,CH04CH04,1728.3036461447841,1391945.9922352612,1563895.0,42410.0,42954.0,387701503.000001
CH05,CH05,CH05CH05,11528.418183544738,1115308.9744297971,1204284.0,64752.0,69125.0,420857761.99999803
CH06,CH06,CH06CH06,4482.4778215125825,758166.6884478882,833779.0,33263.0,34926.0,233982226.99999973
CH07,CH07,CH07CH07,2811.9174319824992,337601.58436141827,352254.0,17957.0,18862.0,130150750.00000119
CY00,CY00,CY00CY00,9248.596002813689,838261.5916221495,923346.0,96488.0,104270.0,492098149.0000018
CZ01,CZ01,CZ01CZ01,496.26730360708046,1268336.4168261723,1302615.0,29069.0,29435.0,339434444.9999986
CZ02,CZ02,CZ02CZ02,10928.941687851688,1289571.1820793469,1414182.0,111236.0,115709.0,393286110.0000002
CZ02,CZ03,CZ02CZ03,87.93204004816688,123.49508088827115,68.0,15.0,17.0,74453.00000000006
CZ03,CZ03,CZ03CZ03,17619.236033860874,1198845.0991638536,1213224.0,100862.0,104086.0,397880862.0000018
CZ04,CZ04,CZ04CZ04,8649.035034988763,1104358.6307388572,1067798.0,79142.0,81028.0,241666409.0
CZ05,CZ05,CZ05CZ05,12442.14316134968,1492168.6146609106,1483776.0,106974.0,111172.0,401688463.99999905
CZ06,CZ06,CZ06CZ06,13983.339240291074,1669123.9185375117,1695337.0,109447.0,113009.0,461275590.99999905
CZ06,CZ07,CZ06CZ07,6.197246746311494,5.636363983154301,13.0,0.0,0.0,2339.0000000000005
CZ07,CZ07,CZ07CZ07,9226.27337672632,1208601.8688922934,1184176.0,77204.0,80294.0,297657735.9999995
CZ07,CZ08,CZ07CZ08,2.721712410691455,0.0,1.0,0.0,0.0,4100.000000000001
CZ08,CZ08,CZ08CZ08,5428.009238875339,1205559.1382658833,1162130.0,67365.0,70252.0,241531217.00000095
DE11,DE11,DE11DE11,10550.016413785881,3914084.3773553316,4082572.0,162695.0,167301.0,1066989817.9999981
DE12,DE12,DE12DE12,6910.143713653241,2664608.3873037607,2793434.0,111088.0,113685.0,817481479.0000008
DE13,DE13,DE13DE13,9349.663112036384,2144303.3381434735,2263926.0,109693.0,113290.0,680761770.9999998
DE14,DE14,DE14DE14,8912.73731093303,1760674.7284571056,1860983.0,101452.0,105505.0,554049249.0000007
DE21,DE21,DE21DE21,17526.095260238882,4327392.021841268,4626822.0,216240.0,224006.0,1240331437.0000012
DE22,DE22,DE22DE22,10320.373719720557,1172370.8868625003,1222552.0,104963.0,109996.0,522330045.99999946
DE23,DE23,DE23DE23,9686.85924617694,1070888.4636827798,1090410.0,86559.0,91529.0,420830396.00000024
DE24,DE24,DE24DE24,7228.777854010608,1063930.3095384056,1038485.0,74135.0,77492.0,391143606.99999976
DE25,DE25,DE25DE25,7242.468358112463,1681778.9785588535,1752885.0,89354.0,92139.0,553042104.0
DE26,DE26,DE26DE26,8525.49431685422,1300897.27251743,1294574.0,88592.0,90962.0,509833957.9999995
DE27,DE27,DE27DE27,9988.502233625375,1777607.633138332,1871554.0,110849.0,115061.0,655671165.0000002
DE30,DE30,DE30DE30,891.7470761705404,3282985.0873870654,3550398.0,63553.0,63897.0,884792466.9999987
DE40,DE40,DE40DE40,29642.189529023784,2465011.8504883484,2508037.0,298736.0,306482.0,868339483.9999982
DE50,DE50,DE50DE50,401.1320952251789,645157.4215446315,684656.0,24092.0,24417.0,164330938.00000072
DE60,DE60,DE60DE60,737.5605484591135,1698520.8688652578,1794773.0,48642.0,48977.0,418431072.00000143
DE71,DE71,DE71DE71,7438.379000269619,3738890.2048359453,3935613.0,139144.0,141618.0,1072435952.999999
DE72,DE72,DE72DE72,5378.410686245406,1025335.1181121619,1018723.0,60672.0,62053.0,312896995.99999994
DE73,DE73,DE73DE73,8287.312414330756,1205138.4517655894,1180511.0,85371.0,87763.0,395133060.00000167
DE80,DE80,DE80DE80,23050.02621368736,1605694.2408924927,1554810.0,180900.0,185955.0,514886132.9999989
DE91,DE91,DE91DE91,8114.115788711481,1577856.8201205607,1569398.0,101290.0,103728.0,517074019.9999997
DE92,DE92,DE92DE92,9059.690223465528,2095316.9308268758,2086862.0,125239.0,129523.0,705492214.0000015
DE93,DE93,DE93DE93,15471.775043383645,1672725.6474558918,1687964.0,159746.0,166827.0,647663070.0000007
DE94,DE94,DE94DE94,14978.374000558126,2436918.5429930766,2518097.0,203240.0,215672.0,949519960.9999976
DEA1,DEA1,DEA1DEA1,5288.635525640733,5077303.347652287,5155740.0,184722.0,188197.0,1520506746.9999995
DEA2,DEA2,DEA2DEA2,7356.407488125473,4284359.936796934,4404057.0,179432.0,183957.0,1284563726.9999988
DEA3,DEA3,DEA3DEA3,6917.102694601031,2571198.992895805,2616396.0,130140.0,134758.0,896316211.0000007
DEA4,DEA4,DEA4DEA4,6523.473524559399,2028616.3465104792,2040835.0,115293.0,118925.0,683924505.9999981
DEA5,DEA5,DEA5DEA5,8009.897720176147,3574857.9475068008,3528629.0,157687.0,160571.0,1028155888.0000017
DEB1,DEB1,DEB1DEB1,8072.086560667029,1482926.8017223035,1497488.0,94633.0,97105.0,512161498.00000125
DEB2,DEB2,DEB2DEB2,4926.33425545693,518335.2988847686,514443.0,44635.0,46230.0,195302964.99999982
DEB3,DEB3,DEB3DEB3,6844.626221658103,1988287.8458363218,2034432.0,97331.0,99576.0,746708072.9999996
DEC0,DEC0,DEC0DEC0,2569.731772212148,1000047.3305814787,1001283.0,55489.0,56576.0,364445088.9999995
DED2,DED2,DED2DED2,7944.740963638033,1591285.9590388318,1574610.0,131530.0,135188.0,459796086.0000002
DED4,DED4,DED4DED4,6522.467856911769,1498791.0591323848,1386750.0,104388.0,106524.0,445241009.0
DED5,DED5,DED5DED5,3976.567217459929,966279.197482865,1045538.0,66824.0,68022.0,314706235.00000095
DEE0,DEE0,DEE0DEE0,20542.358360890583,2287132.458756139,2131628.0,204212.0,210007.0,860443387.9999993
DEF0,DEF0,DEF0DEF0,15606.219159276277,2797948.1801196816,2899892.0,207573.0,215807.0,908100125.0000006
DEG0,DEG0,DEG0DEG0,16191.668567954428,2188495.7831762875,2098664.0,159405.0,162908.0,690721202.0000015
DK01,DK01,DK01DK01,2574.514056207809,1676601.1562967564,1841368.0,79645.0,81037.0,480517017.00000066
DK02,DK02,DK02DK02,7311.351444164489,814641.1718247473,837016.0,93620.0,97448.0,333869115.0000015
DK03,DK03,DK03DK03,12151.601924581828,1193668.7599285687,1221297.0,133169.0,141349.0,559200597.9999967
DK04,DK04,DK04DK04,13153.78099190984,1254137.2508439748,1328747.0,134046.0,141507.0,568240712.0000026
DK05,DK05,DK05DK05,7930.245721376461,575971.8522406486,589335.0,77907.0,80892.0,284278954.0000024
EE00,EE00,EE00EE00,45289.45316846586,1288720.0820042957,1331395.0,131393.0,136491.0,382455379.99999976
EL30,EL30,EL30EL30,3795.410012211992,3967895.39817,3799090.0,90203.0,91948.0,1328296734.0000017
EL30,EL64,EL30EL64,2.1002508855463207,0.0,0.0,116.0,127.0,10884.000000000002
EL41,EL41,EL41EL41,3840.818841708432,194387.0236476261,191630.0,11639.0,12068.0,61854094.00000003
EL42,EL42,EL42EL42,5277.922290359402,327921.5533293708,316833.0,31667.0,32748.0,143038843.99999967
EL43,EL43,EL43EL43,8333.637406808915,623013.8619949392,618827.0,36509.0,37701.0,208695759.9999997
EL51,EL51,EL51EL51,14172.218559999412,609512.3932291246,558854.0,49340.0,53770.0,209220619.99999958
EL52,EL51,EL52EL51,1.0254522740868215,0.0,0.0,0.0,0.0,0.0
EL52,EL52,EL52EL52,18806.413209690552,1920856.4485877133,1789432.0,101384.0,107734.0,642147250.0000024
EL53,EL53,EL53EL53,9448.826384665306,285803.0000076837,252935.0,35977.0,39304.0,104267421.00000116
EL54,EL54,EL54EL54,9135.14965792515,343621.46461114887,317896.0,32363.0,32638.0,105693271.0000006
EL61,EL61,EL61EL61,14029.107645940834,744479.1908833428,686839.0,54954.0,58152.0,256498723.9999989
EL62,EL62,EL62EL62,2291.484318598618,203996.11760516075,202145.0,20842.0,21949.0,65565468.99999991
EL63,EL63,EL63EL63,11299.928321494132,687092.1080009079,644462.0,47512.0,49658.0,225555386.99999878
EL64,EL64,EL64EL64,15533.02059904965,553696.967820432,504773.0,60678.0,63559.0,204634751.99999845
EL65,EL65,EL65EL65,15491.620336645308,583287.5966521812,535815.0,55030.0,56123.0,205473255.0000004
ES11,ES11,ES11ES11,29564.558221881496,2745677.212443024,2693840.0,180846.0,185358.0,845890247.000002
ES12,ES12,ES12ES12,10597.275281962133,1072627.0399348089,1011834.0,45584.0,45756.0,301576190.9999972
ES13,ES13,ES13ES13,5322.1991817623275,587464.9943416503,584291.0,27541.0,28862.0,145037534.00000304
ES21,ES21,ES21ES21,7223.6555643954825,2175374.72758854,2210865.0,54327.0,56696.0,433633726.0000005
ES22,ES22,ES22ES22,10389.775361996073,638483.7488268322,661969.0,32007.0,32696.0,235502161.00000018
ES23,ES23,ES23ES23,5043.874429355913,320756.73734431056,319392.0,17060.0,17031.0,122434756.99999927
ES24,ES24,ES24ES24,47715.14306868024,1338019.2641517108,1331982.0,82619.0,89959.0,464983732.99999404
ES30,ES30,ES30ES30,8030.277887296276,6420646.856134457,6726855.0,133295.0,136128.0,1295269156.999999
ES41,ES11,ES41ES11,1.251547333090406,0.0,0.0,0.0,0.0,0.0
ES41,ES41,ES41ES41,94213.46684124763,2528425.9120301213,2384420.0,208086.0,219914.0,1032842234.000003
ES42,ES42,ES42ES42,79445.42470222527,2102940.8235873375,2052162.0,160040.0,163724.0,1028357633.0000007
ES43,ES43,ES43ES43,41632.763480749054,1103357.6891364465,1061543.0,71175.0,74478.0,503261783.00000906
ES51,ES51,ES51ES51,32094.346187458912,7499675.2799382685,7748298.0,211532.0,222592.0,1984070352.999999
ES52,ES52,ES52ES52,23251.37182307239,5005538.97270093,5066726.0,178286.0,184810.0,1770511704.999992
ES53,ES53,ES53ES53,4986.515941924096,1088053.9967316987,1181420.0,55066.0,57567.0,407615914.9999983
ES61,ES61,ES61ES61,87592.48989485546,8362141.283221094,8482060.0,332863.0,350015.0,2568114581.000005
ES62,ES62,ES62ES62,11310.531054514871,1463039.1565362874,1517737.0,68831.0,71442.0,559333103.9999985
ES63,ES63,ES63ES63,19.60067020868275,80722.35086763075,83689.0,958.0,980.0,12902453.000000015
ES64,ES64,ES64ES64,13.331218214972473,80086.58726486556,86170.0,1017.0,1022.0,15648665.000000015
ES70,ES70,ES70ES70,7446.359933905127,2073661.53774971,2173779.0,75607.0,76136.0,546099907.9999988
FI19,FI19,FI19FI19,64561.851592641964,1352310.7706105846,1366266.0,225636.0,237961.0,469575007.99999756
FI1B,FI1B,FI1BFI1B,9363.050424237414,1489106.330777951,1659703.0,105716.0,112247.0,381616181.00000256
FI1C,FI1C,FI1CFI1C,34906.806931909196,1139506.675309652,1132891.0,165867.0,176176.0,401197649.99999833
FI1D,FI1D,FI1DFI1D,227074.26449051048,1286618.5868820108,1259859.0,218251.0,238031.0,465268337.00000006
FI20,FI20,FI20FI20,1302.9663821476156,27128.187129394057,29300.0,5943.0,6335.0,10422848.999999912
FR10,FR10,FR10FR10,12069.224496853065,11785966.142312136,12294420.0,301509.0,307133.0,2585172319.000001
FR21,FRF2,FR21FRF2,25718.26090163665,1335526.1519320146,1314369.0,138839.0,144956.0,507431002.00000185
FR22,FRE2,FR22FRE2,19492.40046421345,1915557.034932185,1920882.0,169205.0,175680.0,602012798.9999976
FR22,FRF2,FR22FRF2,7.56674348405682,51.000001281499884,44.0,5.0,5.0,23393.000000000022
FR23,FRD2,FR23FRD2,12324.551362600198,1835294.3627452003,1851509.0,153524.0,159485.0,528715462.0000029
FR24,FRB0,FR24FRB0,39529.66762182555,2547773.4604129395,2567002.0,267001.0,281056.0,958113968.0000033
FR25,FRD1,FR25FRD1,17743.207066191742,1470408.0433945686,1469393.0,151748.0,159954.0,559806899.0000023
FR26,FRC1,FR26FRC1,31753.176501967653,1641036.151177079,1618034.0,181968.0,188893.0,687115161.9999995
FR30,FRE1,FR30FRE1,12437.224411330228,4031873.532225211,4058807.0,230110.0,238234.0,1156979084.0000033
FR41,FRF3,FR41FRF3,23668.30352963693,2351467.1864746143,2322889.0,186801.0,192704.0,803824759.0000002
FR42,FRF1,FR42FRF1,8329.091892906752,1849161.9908921358,1921514.0,108223.0,110584.0,582913825.0000004
FR43,FRC2,FR43FRC2,16306.995642625616,1171404.0216484119,1177938.0,118639.0,123889.0,405822118.00000024
FR51,FRG0,FR51FRG0,32337.838873021912,3569693.1911820495,3842920.0,363702.0,380385.0,1463746674.9999986
FR52,FRH0,FR52FRH0,27386.05532527818,3185612.775046261,3382055.0,341985.0,354793.0,1207777677.0000052
FR53,FRI3,FR53FRI3,25927.709477101118,1768138.5443548695,1821506.0,217973.0,227307.0,847455741.0000017
FR61,FRI1,FR61FRI1,41720.3255617125,3233349.890188735,3506628.0,316216.0,332953.0,1354539381.9999983
FR62,FRJ2,FR62FRJ2,45602.816824062356,2881699.9300043853,3117381.0,268810.0,282315.0,1249413916.000007
FR63,FRI2,FR63FRI2,17055.647742893983,742820.6433615384,726101.0,94500.0,99095.0,379136960.9999994
FR71,FRK2,FR71FRK2,44961.61504367723,6233958.39991983,6738760.0,440739.0,458078.0,2017530187.0000005
FR72,FRK1,FR72FRK1,26172.677376063693,1347317.7488811053,1364678.0,142522.0,149880.0,578423287.9999983
FR81,FRJ1,FR81FRJ1,27642.050617312423,2632429.542914582,2890119.0,190736.0,201452.0,1099372539.0000074
FR82,FRL0,FR82FRL0,31826.574593874397,4887528.381619288,5116294.0,308582.0,321024.0,1684801103.0000014
FR83,FRM0,FR83FRM0,8720.16939504749,306005.9870264376,346256.0,36230.0,38160.0,99955718.99999979
FRA1,FRY1,FRA1FRY1,1682.3397164344506,1682.3397164344506,1682.3397164344506,1682.3397164344506,1682.3397164344506,1682.3397164344506
FRA2,FRY2,FRA2FRY2,1105.338594080342,1105.338594080342,1105.338594080342,1105.338594080342,1105.338594080342,1105.338594080342
FRA3,FRY3,FRA3FRY3,83746.86370936029,83746.86370936029,83746.86370936029,83746.86370936029,83746.86370936029,83746.86370936029
FRA4,FRY4,FRA4FRY4,2503.779457876114,2503.779457876114,2503.779457876114,2503.779457876114,2503.779457876114,2503.779457876114
FRA5,FRY5,FRA5FRY5,364.8789477225735,364.8789477225735,364.8789477225735,364.8789477225735,364.8789477225735,364.8789477225735
HR03,HR02,HR03HR02,1.8056074809943474,0.0,0.0,0.0,0.0,0.0
HR03,HR03,HR03HR03,24574.030283227075,1376005.3788942895,1287007.0,113591.0,118267.0,396749354.0000001
HR04,HR02,HR04HR02,23051.79121411741,1228966.1164752464,1019723.0,89233.0,92571.0,392156051.0000031
HR04,HR05,HR04HR05,640.8867768462175,789542.051231372,767244.0,19583.0,19792.0,204363903.00000197
HR04,HR06,HR04HR06,8004.797377514712,856995.3349541399,786639.0,67939.0,70573.0,249064142.99999967
HU10,HU11,HU10HU11,525.1848711953886,1727340.5684718643,1682078.0,37268.0,37432.0,506305063.99999994
HU10,HU12,HU10HU12,6390.774702431064,1218889.3364304493,1332109.0,88091.0,90776.0,419666027.0000012
HU21,HU21,HU21HU21,11086.286263509348,1082477.9118777283,1057321.0,93839.0,95336.0,304989824.9999995
HU22,HU22,HU22HU22,11328.704857774255,986854.5115946836,977430.0,85373.0,89405.0,298767394.0000003
HU23,HU23,HU23HU23,14196.845090844417,933932.2985634748,858976.0,81526.0,83512.0,293897611.9999975
HU31,HU31,HU31HU31,13426.52058590306,1197318.9575528724,1092856.0,87247.0,89112.0,340273153.9999982
HU32,HU32,HU32HU32,17723.31254796261,1492627.4381111902,1405035.0,120863.0,125518.0,485403109.99999845
HU33,HU33,HU33HU33,18335.063048892913,1297755.7352092885,1204600.0,107785.0,113839.0,557746740.9999989
IE01,IE04,IE01IE04,25757.98092322991,831202.9145748913,903638.0,101232.0,104990.0,321351109.9999988
IE01,IE06,IE01IE06,7476.2212399321725,406028.1549346802,458290.0,36492.0,38404.0,145706648.99999967
IE02,IE05,IE02IE05,29664.27825853631,1534345.2464109869,1698849.0,163293.0,172047.0,519681920.9999993
IE02,IE06,IE02IE06,6986.0479512272395,1792912.9816297493,2081564.0,98920.0,103682.0,389791106.99999833
IS00,IS00,IS00IS00,102653.90994262228,314515.3481022006,314515.3481022006,62828.0,64484.0,82934548.99999875
ITC1,ITC1,ITC1ITC1,25400.341526612676,4363160.265929368,4247712.0,205933.0,222910.0,1800702303.0000048
ITC2,ITC2,ITC2ITC2,3260.390178798419,126760.67600060937,123270.0,7800.0,8626.0,45243972.00000003
ITC3,ITC3,ITC3ITC3,5418.352958891771,1547800.487349436,1502268.0,54499.0,55326.0,505721889.0000001
ITC4,ITC4,ITC4ITC4,23876.584319539255,9702863.963117074,9926290.0,374801.0,392261.0,3353315841.999998
ITF1,ITF1,ITF1ITF1,10796.192640909578,1305827.5020612401,1274773.0,63667.0,65979.0,410558011.99999917
ITF2,ITF2,ITF2ITF2,4440.255031439986,313094.20733864314,292064.0,17948.0,18767.0,111182089.00000063
ITF3,ITF3,ITF3ITF3,13598.73491955137,5744005.735694626,5614342.0,164844.0,171880.0,1734624157.0000021
ITF4,ITF4,ITF4ITF4,19352.76486546266,4036771.7255857848,3913181.0,163196.0,174070.0,1614490678.0000067
ITF5,ITF5,ITF5ITF5,9991.906314653092,577681.689512938,541063.0,27040.0,29125.0,203046805.9999988
ITF6,ITF6,ITF6ITF6,15081.230710128211,1950532.5208743573,1852186.0,87812.0,92752.0,614192157.9999992
ITG1,ITG1,ITG1ITG1,25713.32058380354,4985674.541647621,4826729.0,191239.0,201126.0,1846422533.0000048
ITG2,ITG2,ITG2ITG2,24104.782687414387,1633726.3265843005,1583592.0,107391.0,112008.0,691334887.9999971
ITH1,ITH1,ITH1ITH1,7397.349363088622,504579.39340520365,532287.0,21046.0,22953.0,156912227.00000134
ITH2,ITH2,ITH2ITH2,6207.770646047456,524750.5165188498,540474.0,25945.0,27149.0,195945387.99999768
ITH3,ITH3,ITH3ITH3,17685.32447212249,4829815.321901391,4826147.0,266113.0,279175.0,1687141105.0
ITH3,ITH4,ITH3ITH4,61.98803722276246,1306.9999937713123,1308.0,87.0,116.0,384401.9999999982
ITH4,ITH4,ITH4ITH4,7706.478824853089,1216657.1820181909,1192303.0,80207.0,82647.0,488098460.00000226
ITH5,ITH5,ITH5ITH5,22449.38165620435,4341848.11495664,4418216.0,218944.0,228473.0,1317596537.0000002
ITI1,ITI1,ITI1ITI1,22985.498516434614,3666427.7819490368,3658474.0,162577.0,168947.0,1081491361.9999998
ITI2,ITI2,ITI2ITI2,8453.906986207703,884174.3926125553,858435.0,43667.0,46072.0,292657615.0000025
ITI3,ITH5,ITI3ITH5,56.8264075466526,2654.570312496273,2417.0,111.0,146.0,965168.9999999981
ITI3,ITI3,ITI3ITI3,9324.516567741672,1534622.1691716877,1485648.0,65862.0,68203.0,347120789.000002
ITI4,ITI4,ITI4ITI4,17200.917205108177,5490281.751816869,5689402.0,213449.0,220703.0,1747608516.9999945
LI00,LI00,LI00LI00,159.9292535898767,36145.70460620046,39203.0,2107.0,2197.0,15636290.000000013
LT00,LT01,LT00LT01,9730.218031079787,807475.5468522485,810798.0,52755.0,56755.0,249749364.9999999
LT00,LT02,LT00LT02,55157.62298732021,2219722.540493224,1999918.0,203315.0,216982.0,747915066.9999963
LU00,LU00,LU00LU00,2595.34299419829,511196.5598825774,642137.0,31985.0,33555.0,171950992.99999985
LV00,LV00,LV00LV00,64585.95625586844,2079529.325178157,1888445.0,161091.0,167665.0,519989642.0000001
MT00,MT00,MT00MT00,315.3351309970347,411392.09677763015,517817.0,10644.0,10863.0,197268185.0000011
NL11,NL11,NL11NL11,2400.8866060635473,578137.4107201276,586771.0,37876.0,38943.0,164427774.00000066
NL12,NL12,NL12NL12,3990.40600745949,646782.2102830299,644522.0,43243.0,45052.0,212795853.0000013
NL13,NL13,NL13NL13,2680.1822624566867,491407.26639113383,494677.0,37583.0,38658.0,153745450.00000012
NL21,NL21,NL21NL21,3421.0863795773184,1133403.8052451978,1166390.0,61388.0,63389.0,343332143.0000004
NL22,NL22,NL22NL22,5137.11490492441,2005863.2087121645,2098359.0,104981.0,108000.0,660513131.000002
NL23,NL23,NL23NL23,2412.8493013078337,392152.28152033006,428476.0,24236.0,25318.0,97272714.99999917
NL31,NL35,NL31NL35,1449.3757857338182,1228230.271083589,1324536.0,44467.0,45399.0,307452970.9999999
NL32,NL32,NL32NL32,3404.9734034448243,2691198.6419093246,2888201.0,93251.0,96283.0,672749482.9999994
NL33,NL35,NL33NL35,110.81584749774706,34014.441444750824,35916.0,1608.0,1691.0,10331201.000000019
NL33,NL36,NL33NL36,3135.8861115710633,3491919.055252862,3725787.0,116418.0,119178.0,826072331.0000036
NL34,NL34,NL34NL34,1933.7485556595816,380776.8516748625,385492.0,31087.0,31802.0,119853102.99999942
NL41,NL41,NL41NL41,5081.762712680516,2453340.7867905437,2573549.0,132795.0,135525.0,828819427.0000051
NL42,NL42,NL42NL42,2208.939988480715,1120503.1110448851,1116399.0,62027.0,63809.0,381698643.00000083
NO01,NO08,NO01NO08,5364.973630798835,1131221.017909478,1327889.0,55927.0,58104.0,267187500.99999952
NO02,NO02,NO02NO02,52072.352692653236,362070.6765444716,370291.0,54887.0,60625.0,170850205.0000005
NO02,NO08,NO02NO08,517.5545084613099,15018.953638995137,15905.0,1813.0,1952.0,4457001.999999999
NO03,NO08,NO03NO08,19123.509859815513,535560.504276459,593638.0,62509.0,66876.0,196792527.9999998
NO03,NO09,NO03NO09,17414.437927094572,385648.8475414313,416597.0,47799.0,50076.0,127750730.99999864
NO04,NO09,NO04NO09,16360.866597709188,272016.25030781474,302523.0,42346.0,44779.0,100825531.9999989
NO04,NO0A,NO04NO0A,9325.968090749084,416975.37194327725,471357.0,36432.0,39112.0,144978619.00000075
NO05,NO06,NO05NO06,931.753814898063,3625.9466158375144,3503.0,832.0,869.0,2272634.000000019
NO05,NO0A,NO05NO0A,47902.06627959988,790090.066708303,875103.0,94757.0,99951.0,262414590.0000012
NO06,NO06,NO06NO06,41028.925342445546,417827.6999530627,462448.0,43630.0,47291.0,146314601.99999827
NO07,NO07,NO07NO07,112452.84446855086,437265.1931561483,469239.0,79098.0,81907.0,149055058.00000244
PL11,PL71,PL11PL71,18218.804135068538,2538433.4876000695,2375413.0,149531.0,166397.0,654084462.0000007
PL12,PL91,PL12PL91,6104.060663585667,2891572.777386215,3244378.0,123312.0,131601.0,736707148.0000029
PL12,PL92,PL12PL92,29454.382620199918,2384428.5171821453,2234906.0,171039.0,190947.0,716766514.9999988
PL21,PL21,PL21PL21,15183.637747210656,3315497.514760237,3323486.0,187258.0,204434.0,741194737.0000017
PL22,PL22,PL22PL22,12333.844857314716,4631769.874532112,4301355.0,214193.0,228919.0,841486339.9999992
PL31,PL81,PL31PL81,25122.85370538561,2175555.3409317844,1976489.0,155774.0,170652.0,591054039.9999986
PL32,PL82,PL32PL82,17845.608140241187,2127470.3434688854,1976382.0,148476.0,160296.0,517797745.99999636
PL33,PL72,PL33PL72,11708.714164669664,1280822.7301400804,1151488.0,89056.0,98460.0,328663648.9999961
PL34,PL84,PL34PL84,20187.03689307178,1202726.0235478296,1095073.0,87445.0,97209.0,373146183.9999978
PL41,PL41,PL41PL41,29826.64443090296,3446218.377316894,3452997.0,208895.0,234687.0,977693740.0000039
PL42,PL42,PL42PL42,22440.843206499285,1720554.2965725185,1606465.0,94212.0,106547.0,339473738.0000007
PL43,PL43,PL43PL43,13987.704384084043,1023726.6646549811,964392.0,67607.0,72602.0,223192038.00000152
PL51,PL51,PL51PL51,19946.81820389992,2916967.5704743527,2828326.0,157994.0,172494.0,593783169.9999993
PL52,PL52,PL52PL52,9411.473615966735,1016774.8584044372,908591.0,67874.0,72634.0,229028841.00000006
PL61,PL61,PL61PL61,17971.56032170521,2097943.059175717,1964701.0,101739.0,116155.0,470621030.0000006
PL62,PL62,PL62PL62,24011.10841616653,1451922.929431903,1319372.0,85274.0,96138.0,327197554.00000006
PL63,PL63,PL63PL63,18169.67609141407,2273689.7773627397,2294348.0,103941.0,116394.0,469852217.9999977
PT11,PT11,PT11PT11,21284.815400515196,3689178.899867398,3586609.0,207667.0,216462.0,1468881113.0000012
PT15,PT15,PT15PT15,4959.026313517433,450354.2510515616,467283.0,42725.0,44511.0,244765911.9999997
PT16,PT19,PT16PT19,23216.068239911143,1736850.36377455,1653511.0,151322.0,160309.0,858328102.000001
PT16,PT1D,PT16PT1D,4924.956191104758,590500.5649184326,573689.0,59753.0,63687.0,290131723.00000024
PT17,PT1A,PT17PT1A,1352.753092692595,2039099.966317652,2062246.0,51722.0,52681.0,548692934.9999998
PT17,PT1B,PT17PT1B,1500.3462669852104,775976.9407733271,807501.0,38021.0,39226.0,250776441.0000009
PT18,PT1C,PT18PT1C,27246.98068108236,509687.6888284561,468690.0,51184.0,54479.0,237526169.00000042
PT18,PT1D,PT18PT1D,4274.773780828118,247431.4960775278,235909.0,30489.0,32396.0,128241851.00000039
PT20,PT20,PT20PT20,2322.8556619630535,244212.61627116302,236183.0,18075.0,18321.0,45582971.999999344
PT30,PT30,PT30PT30,797.66456686567,266145.733053923,250413.0,13711.0,13898.0,72736634.9999998
RO11,RO11,RO11RO11,34152.93971204491,2599424.654674068,2521613.0,151623.0,161592.0,633308425.0
RO11,RO12,RO11RO12,6.318309380159612,0.0,1.0,0.0,0.0,246.00000000000009
RO12,RO12,RO12RO12,34103.49390920251,2360686.9953049957,2271109.0,127280.0,135461.0,560253098.0000018
RO12,RO41,RO12RO41,1.311093855902187,0.0,0.0,0.0,0.0,8.000000000000004
RO21,RO21,RO21RO21,36846.99356712839,3301629.847922634,3226353.0,205372.0,217874.0,667717374.9999979
RO22,RO22,RO22RO22,35739.87695937517,2544273.152900657,2367861.0,160364.0,166199.0,530737157.0000019
RO31,RO31,RO31RO31,34466.108466792546,3137027.3384739277,2864676.0,193966.0,203939.0,702393765.0000036
RO31,RO41,RO31RO41,2.768298068251519,0.0,0.0,0.0,0.0,0.0
RO32,RO32,RO32RO32,1800.620234247132,2270900.955587883,2258175.0,44319.0,47399.0,427700803.0000013
RO41,RO41,RO41RO41,29203.767616473753,2076005.750236822,1873922.0,143180.0,150422.0,461811316.00000226
RO42,RO42,RO42RO42,32032.722360915348,1828464.9945799457,1668846.0,115930.0,123807.0,535812193.9999968
SE11,SE11,SE11SE11,6922.025300267707,2098951.8225536393,2404132.0,119534.0,124467.0,472731345.00000167
SE11,SE12,SE11SE12,1.5816913331748335,39.40562680363658,0.0,3.0,6.0,177.00000000000003
SE12,SE12,SE12SE12,43218.966856882915,1584931.9365741066,1748204.0,163244.0,174269.0,519671081.00000083
SE21,SE21,SE21SE21,35939.452314694194,811889.3572415827,876862.0,103162.0,110105.0,310098520.0000005
SE22,SE22,SE22SE22,14374.983070581351,1402072.902040955,1553648.0,118855.0,123801.0,443924028.0000009
SE23,SE23,SE23SE23,34508.72199019649,1886319.824835711,2076913.0,163525.0,176762.0,578627819.0000094
SE31,SE31,SE31SE31,71992.53649542957,823627.7257302513,857592.0,116374.0,123643.0,261656590.00000152
SE32,SE32,SE32SE32,77150.18558555958,364292.80989355687,375230.0,64044.0,66870.0,115247868.99999991
SE33,SE33,SE33SE33,165070.72865986917,506223.78027226846,523608.0,109865.0,114170.0,159576343.99999818
SI03,SI03,SI03SI03,12426.97635722716,1096543.9154776952,1103949.0,74386.0,78625.0,336494127.00000095
SI04,SI04,SI04SI04,7839.701643254343,948451.9489748193,1002808.0,54555.0,56556.0,239018404.00000134
SK01,SK01,SK01SK01,2051.6615753137667,603927.250723352,719361.0,29374.0,31113.0,171440338.9999994
SK02,SK02,SK02SK02,14989.79022109827,1841635.5359758157,1821129.0,120982.0,125361.0,505294775.99999845
SK03,SK03,SK03SK03,16261.31627291906,1348955.8516866392,1317264.0,81607.0,85689.0,352310164.00000113
SK04,SK04,SK04SK04,15723.157235036753,1605044.5586727636,1591540.0,89605.0,92574.0,351960559.99999905
