code_v2013,code_v2016,uniqueID,areaKm,pop18,pop11,artif_surf18,artif_surf12
AT111,AT111,AT111AT111,703.2,37575.5,37553.6,4742.0,4477.0
AT112,AT112,AT112AT112,1793.4,159398.9,150342.6,16202.0,15595.0
AT113,AT113,AT113AT113,1468.9,97342.3,97660.9,12012.0,11324.0
AT121,AT121,AT121AT121,3359.7,247524.4,241186.7,25655.0,23717.0
AT122,AT122,AT122AT122,3374.5,260666.8,252757.4,25373.0,24129.0
AT123,AT123,AT123AT123,1233.1,155866.9,148777.3,14386.0,13727.0
AT124,AT124,AT124AT124,4616.3,218091.2,219385.9,27850.0,26577.0
AT125,AT125,AT125AT125,2410.8,125194.6,123380.5,16997.0,15959.0
AT126,AT126,AT126AT126,2725.1,331429.1,309372.2,31398.0,30382.0
AT127,AT127,AT127AT127,1476.0,345391.6,324445.9,26124.0,25385.0
AT130,AT130,AT130AT130,413.5,1890300.2,1709545.0,26426.0,26280.0
AT211,AT211,AT211AT211,2030.6,287125.0,276703.3,23231.0,21836.0
AT212,AT212,AT212AT212,4135.7,124451.6,127181.8,14015.0,13156.0
AT213,AT213,AT213AT213,3376.4,149677.8,152438.0,17494.0,15462.0
AT221,AT221,AT221AT221,1214.7,443343.8,405203.2,23259.0,22461.0
AT222,AT222,AT222AT222,3319.1,80068.4,80055.7,10550.0,9737.0
AT223,AT223,AT223AT223,3207.2,159277.0,163888.5,14813.0,14114.0
AT224,AT224,AT224AT224,3339.0,267586.1,264819.6,28124.0,25519.0
AT225,AT225,AT225AT225,2272.4,194914.8,192176.9,20131.0,18938.0
AT226,AT226,AT226AT226,3060.6,100003.4,102819.0,11154.0,10245.0
AT311,AT311,AT311AT311,2821.7,288730.0,276149.6,30346.0,28431.0
AT312,AT312,AT312AT312,1745.7,590923.0,551817.4,34520.0,33333.0
AT313,AT313,AT313AT313,2660.7,209906.0,204107.5,21122.0,20115.0
AT314,AT314,AT314AT314,2239.7,155028.7,152591.6,14184.0,13491.0
AT315,AT315,AT315AT315,2517.0,238263.6,229601.2,21002.0,19774.0
AT321,AT321,AT321AT321,1020.7,20352.8,20490.3,3213.0,2874.0
AT322,AT322,AT322AT322,4397.8,168262.1,162614.8,19204.0,17658.0
AT323,AT323,AT323AT323,1740.4,363729.3,345950.3,18805.0,18145.0
AT331,AT331,AT331AT331,1237.3,32766.6,31610.4,4341.0,4240.0
AT332,AT332,AT332AT332,2096.1,311784.6,286637.8,12169.0,11800.0
AT333,AT333,AT333AT333,2021.5,48832.5,49303.9,4925.0,4720.0
AT334,AT334,AT334AT334,3320.4,104502.4,100110.0,11900.0,11479.0
AT335,AT335,AT335AT335,3974.1,257484.0,241903.0,21352.0,20387.0
AT341,AT341,AT341AT341,1874.6,91608.8,87064.8,8439.0,7613.0
AT342,AT342,AT342AT342,745.8,303225.3,283342.7,13566.0,12918.0
BE100,BE100,BE100BE100,162.5,1195870.1,1133134.2,14134.0,14068.0
BE211,BE211,BE211BE211,1003.5,1045645.5,1003381.4,51045.0,50401.0
BE212,BE212,BE212BE212,511.9,344431.2,329109.5,20139.0,19599.0
BE213,BE213,BE213BE213,1359.6,459033.8,439920.7,38428.0,37362.0
BE221,BE221,BE221BE221,908.9,427340.6,412628.6,32977.0,32244.0
BE222,BE222,BE222BE222,885.6,241442.8,234600.1,22305.0,21762.0
BE223,BE223,BE223BE223,633.5,204765.9,200120.7,15500.0,14790.0
BE231,BE231,BE231BE231,472.9,289353.7,276711.8,16001.0,15545.0
BE232,BE232,BE232BE232,346.7,200544.2,194463.1,11874.0,11462.0
BE233,BE233,BE233BE233,335.7,84513.9,82556.0,6905.0,6590.0
BE234,BE234,BE234BE234,949.6,556935.9,534152.7,36163.0,34993.0
BE235,BE235,BE235BE235,422.9,123802.2,120446.1,9132.0,8694.0
BE236,BE236,BE236BE236,480.1,250575.8,239039.1,17414.0,16467.0
BE241,BE241,BE241BE241,949.5,637282.7,603396.7,36578.0,35732.0
BE242,BE242,BE242BE242,1169.2,505351.3,487578.4,34726.0,33773.0
BE251,BE251,BE251BE251,665.6,282036.3,277818.7,20413.0,19521.0
BE252,BE252,BE252BE252,365.0,51742.2,50317.5,5351.0,4906.0
BE253,BE253,BE253BE253,553.8,107584.9,106799.2,9732.0,8700.0
BE254,BE254,BE254BE254,406.2,289449.0,282276.4,17495.0,16964.0
BE255,BE255,BE255BE255,293.7,156223.3,152177.1,8716.0,8385.0
BE256,BE256,BE256BE256,273.9,151841.0,146414.4,10652.0,10147.0
BE257,BE257,BE257BE257,331.9,93013.9,91056.4,8528.0,7948.0
BE258,BE258,BE258BE258,278.9,61749.0,60834.5,5781.0,5371.0
BE310,BE310,BE310BE310,1097.2,401406.9,383052.8,29723.0,28824.0
BE321,BE321,BE321BE321,491.2,87234.8,84815.3,7775.0,7295.0
BE322,BE322,BE322BE322,559.3,431221.0,427471.0,22335.0,21959.0
BE323,BE323,BE323BE323,588.7,258211.7,252550.8,16216.0,15720.0
BE324,BE324,BE324BE324,102.4,79649.1,76362.3,3913.0,3740.0
BE325,BE325,BE325BE325,519.5,190627.7,184473.0,11751.0,11228.0
BE326,BE326,BE326BE326,940.4,152776.2,150235.4,11482.0,10998.0
BE327,BE327,BE327BE327,612.7,148495.9,145804.9,12003.0,11479.0
BE331,BE331,BE331BE331,661.1,113031.5,109013.9,10248.0,9826.0
BE332,BE332,BE332BE332,796.4,626279.1,611824.1,29935.0,29202.0
BE334,BE334,BE334BE334,390.2,80861.0,76461.3,6914.0,6505.0
BE335,BE335,BE335BE335,1164.0,210360.6,206866.7,14957.0,14207.0
BE336,BE336,BE336BE336,846.6,78272.5,76655.6,7734.0,7373.0
BE341,BE341,BE341BE341,318.8,62416.9,58744.5,4846.0,4700.0
BE342,BE342,BE342BE342,1046.9,48852.3,45962.9,7038.0,6488.0
BE343,BE343,BE343BE343,958.0,56737.2,55320.5,6987.0,6478.0
BE344,BE344,BE344BE344,1358.7,63132.3,60226.7,8535.0,8032.0
BE345,BE345,BE345BE345,777.9,53796.7,52480.4,5446.0,5228.0
BE351,BE351,BE351BE351,1596.8,111836.9,107472.9,12823.0,12149.0
BE352,BE352,BE352BE352,1168.0,316292.3,304470.9,24285.0,23502.0
BE353,BE353,BE353BE353,911.1,67073.8,65920.8,7396.0,6829.0
BG311,BG311,BG311BG311,3034.8,84953.4,101012.3,10348.0,10294.0
BG312,BG312,BG312BG312,3629.1,129725.3,148096.0,14054.0,13717.0
BG313,BG313,BG313BG313,3622.5,162590.3,186719.8,20549.0,19921.0
BG314,BG314,BG314BG314,4642.2,240385.0,269740.2,26974.0,26567.0
BG315,BG315,BG315BG315,4133.4,124857.2,141547.6,13765.0,13195.0
BG321,BG321,BG321BG321,4664.9,235732.5,258503.8,25126.0,24575.0
BG322,BG322,BG322BG322,2022.7,108371.6,122690.0,9480.0,8757.0
BG323,BG323,BG323BG323,2864.8,218858.6,235232.9,17686.0,17354.0
BG324,BG324,BG324BG324,2414.0,112214.5,125185.6,12779.0,12502.0
BG325,BG325,BG325BG325,2851.0,110884.2,119100.9,12181.0,11901.0
BG331,BG331,BG331BG331,3821.6,470600.9,474518.9,28707.0,28424.0
BG332,BG332,BG332BG332,4719.2,173827.4,189628.9,22717.0,22350.0
BG333,BG333,BG333BG333,3395.4,172348.2,180533.4,17025.0,16470.0
BG334,BG334,BG334BG334,2710.5,111582.8,120811.7,12378.0,12061.0
BG341,BG341,BG341BG341,7750.8,407387.3,413455.1,31912.0,30962.0
BG342,BG342,BG342BG342,3544.1,186512.3,197479.1,17364.0,16915.0
BG343,BG343,BG343BG343,3356.0,118852.9,131445.7,13763.0,13375.0
BG344,BG344,BG344BG344,5150.2,316334.0,333219.1,41828.0,40134.0
BG411,BG411,BG411BG411,1341.8,1328784.5,1292668.5,31130.0,30363.0
BG412,BG412,BG412BG412,7063.0,228401.0,246554.2,33096.0,32199.0
BG413,BG413,BG413BG413,6450.5,305131.4,323491.5,18131.0,16745.0
BG414,BG414,BG414BG414,2391.9,120871.5,133390.4,13390.0,13026.0
BG415,BG415,BG415BG415,3053.2,119007.9,136678.2,10822.0,10210.0
BG421,BG421,BG421BG421,5961.3,668330.2,682908.7,38943.0,37351.0
BG422,BG422,BG422BG422,5531.5,228170.1,246225.6,22905.0,22174.0
BG423,BG423,BG423BG423,4455.8,255508.6,275536.6,18772.0,18505.0
BG424,BG424,BG424BG424,3205.0,105456.4,121764.3,7123.0,6905.0
BG425,BG425,BG425BG425,3211.6,152829.8,152792.9,9169.0,8094.0
CH011,CH011,CH011CH011,3212.0,805978.9,726476.2,35674.0,34409.0
CH012,CH012,CH012CH012,5223.4,348575.2,316782.0,23381.0,21031.0
CH013,CH013,CH013CH013,281.7,498550.8,458285.8,10716.0,10589.0
CH021,CH021,CH021CH021,5958.2,1048806.7,986021.8,49470.0,47087.0
CH022,CH022,CH022CH022,1670.6,323320.0,284704.5,19040.0,18065.0
CH023,CH023,CH023CH023,789.2,275459.2,257381.5,13819.0,13496.0
CH024,CH024,CH024CH024,802.5,178386.3,173037.0,7332.0,7176.0
CH025,CH025,CH025CH025,838.7,75008.7,70959.9,7099.0,6885.0
CH031,CH031,CH031CH031,36.9,187801.1,177698.2,2766.0,2760.0
CH032,CH032,CH032CH032,517.2,294018.2,278907.9,10304.0,10120.0
CH033,CH033,CH033CH033,1404.3,681530.7,617099.3,30016.0,29464.0
CH040,CH040,CH040CH040,1728.3,1524959.8,1391946.0,42954.0,42410.0
CH051,CH051,CH051CH051,685.9,40530.4,38778.3,2432.0,2302.0
CH052,CH052,CH052CH052,298.1,82267.5,76685.9,3991.0,3894.0
CH053,CH053,CH053CH053,242.9,57272.8,53522.7,2547.0,2432.0
CH054,CH054,CH054CH054,172.4,16881.6,15686.2,837.0,799.0
CH055,CH055,CH055CH055,2032.6,515806.8,484270.4,23942.0,23033.0
CH056,CH056,CH056CH056,7106.9,202044.6,193844.7,19254.0,16719.0
CH057,CH057,CH057CH057,989.7,278952.5,252520.7,16122.0,15573.0
CH061,CH061,CH061CH061,1493.5,413403.7,382078.0,17943.0,17042.0
CH062,CH062,CH062CH062,1076.1,37021.5,35422.2,2812.0,2663.0
CH063,CH063,CH063CH063,907.4,161118.6,148073.5,6426.0,6174.0
CH064,CH064,CH064CH064,490.8,38529.9,35924.5,1899.0,1721.0
CH065,CH065,CH065CH065,275.9,43533.5,41303.8,1812.0,1703.0
CH066,CH066,CH066CH066,239.4,127608.4,115364.7,4034.0,3960.0
CH070,CH070,CH070CH070,2812.0,357399.1,337601.6,18862.0,17957.0
CY000,CY000,CY000CY000,9248.6,862433.9,838261.6,104270.0,96488.0
CZ010,CZ010,CZ010CZ010,496.4,1294596.5,1268339.4,29435.0,29069.0
CZ020,CZ020,CZ020CZ020,10929.2,1352701.1,1289573.1,115711.0,111238.0
CZ020,CZ032,CZ020CZ032,87.9,105.4,123.5,17.0,15.0
CZ031,CZ031,CZ031CZ031,10057.9,640042.7,628474.8,56697.0,54941.0
CZ032,CZ032,CZ032CZ032,7561.3,580523.4,570370.3,47389.0,45921.0
CZ041,CZ041,CZ041CZ041,3310.5,295348.3,295916.4,22630.0,21967.0
CZ041,CZ042,CZ041CZ042,3.4,12.0,20.0,0.0,0.0
CZ042,CZ042,CZ042CZ042,5335.3,819704.7,808422.2,58398.0,57175.0
CZ051,CZ051,CZ051CZ051,3163.5,440938.3,432677.9,29075.0,28001.0
CZ052,CZ052,CZ052CZ052,4759.2,551061.8,547793.6,41959.0,40437.0
CZ053,CZ053,CZ053CZ053,4519.8,518472.2,511697.1,40139.0,38537.0
CZ063,CZ063,CZ063CZ063,6796.3,508934.7,505605.7,43347.0,41834.0
CZ064,CZ064,CZ064CZ064,7187.1,1183334.3,1163518.2,69662.0,67613.0
CZ064,CZ071,CZ064CZ071,6.2,0.5,5.6,0.0,0.0
CZ071,CZ071,CZ071CZ071,5264.6,633107.5,628564.6,43554.0,41818.0
CZ072,CZ072,CZ072CZ072,3961.8,583142.1,580037.3,36742.0,35387.0
CZ080,CZ080,CZ080CZ080,5428.0,1206571.2,1205559.1,70253.0,67366.0
DE111,DE111,DE111DE111,209.8,631773.2,584734.4,12638.0,12573.0
DE112,DE112,DE112DE112,617.1,389489.9,363779.2,13655.0,13353.0
DE113,DE113,DE113DE113,639.2,532669.0,503293.7,16370.0,16079.0
DE114,DE114,DE114DE114,642.4,256414.6,247422.3,10835.0,10535.0
DE115,DE115,DE115DE115,686.6,542882.3,510388.5,17571.0,17120.0
DE116,DE116,DE116DE116,857.1,425531.7,407446.8,16765.0,16416.0
DE117,DE117,DE117DE117,100.6,125178.8,116110.1,3891.0,3746.0
DE118,DE118,DE118DE118,1098.8,340633.0,322673.6,17465.0,16973.0
DE119,DE119,DE119DE119,777.0,111441.2,107411.7,7735.0,7403.0
DE11A,DE11A,DE11ADE11A,1483.9,194194.8,186220.5,14431.0,13702.0
DE11B,DE11B,DE11BDE11B,1304.9,132134.6,130686.5,10263.0,9945.0
DE11C,DE11C,DE11CDE11C,627.1,132038.7,128043.7,7591.0,7375.0
DE11D,DE11D,DE11DDE11D,1509.7,312221.7,306496.8,18143.0,17523.0
DE121,DE121,DE121DE121,139.4,54642.0,52347.3,2388.0,2332.0
DE122,DE122,DE122DE122,173.9,311780.2,289324.6,8577.0,8447.0
DE123,DE123,DE123DE123,1083.6,442830.7,424100.3,19299.0,18729.0
DE124,DE124,DE124DE124,737.0,230140.7,222455.0,10644.0,10372.0
DE125,DE125,DE125DE125,109.3,160863.9,148617.3,3701.0,3724.0
DE126,DE126,DE126DE126,145.1,308108.5,289172.4,8478.0,8499.0
DE127,DE127,DE127DE127,1125.4,143395.8,142849.5,10566.0,10236.0
DE128,DE128,DE128DE128,1060.5,546375.6,523356.1,21373.0,21026.0
DE129,DE129,DE129DE129,98.1,124144.3,114826.5,3485.0,3418.0
DE12A,DE12A,DE12ADE12A,797.0,157421.2,151127.2,8459.0,8073.0
DE12B,DE12B,DE12BDE12B,572.9,198445.6,190797.4,9235.0,9025.0
DE12C,DE12C,DE12CDE12C,871.0,117494.1,115912.0,7518.0,7245.0
DE131,DE131,DE131DE131,154.1,228826.9,207672.9,5040.0,5039.0
DE132,DE132,DE132DE132,1376.7,263079.7,249063.1,13966.0,13634.0
DE133,DE133,DE133DE133,680.3,164695.2,156462.9,7430.0,7210.0
DE134,DE134,DE134DE134,1859.3,426230.2,410771.9,23948.0,23085.0
DE135,DE135,DE135DE135,769.5,138801.9,136401.6,9025.0,8590.0
DE136,DE136,DE136DE136,1025.9,211250.1,203939.7,11433.0,11164.0
DE137,DE137,DE137DE137,733.9,139352.4,132248.4,8274.0,7705.0
DE138,DE138,DE138DE138,817.0,281787.9,264389.8,13143.0,12890.0
DE139,DE139,DE139DE139,807.3,229560.4,221080.0,9998.0,9756.0
DE13A,DE13A,DE13ADE13A,1131.0,168409.4,162438.7,11045.0,10631.0
DE141,DE141,DE141DE141,1092.0,285600.4,272895.1,12882.0,12694.0
DE142,DE142,DE142DE142,519.9,225656.9,212074.4,8514.0,8274.0
DE143,DE143,DE143DE143,917.0,188240.3,185773.7,11170.0,10826.0
DE144,DE144,DE144DE144,119.3,125806.1,117615.4,4425.0,4344.0
DE145,DE145,DE145DE145,1357.1,194129.0,185745.8,13736.0,13072.0
DE146,DE146,DE146DE146,1409.8,198270.6,187428.8,14799.0,14095.0
DE147,DE147,DE147DE147,665.2,213256.6,201942.9,11157.0,10738.0
DE148,DE148,DE148DE148,1631.9,283083.1,269743.0,17186.0,16219.0
DE149,DE149,DE149DE149,1204.4,130158.5,127619.2,11659.0,11210.0
DE211,DE211,DE211DE211,133.5,135318.5,124938.1,5167.0,5083.0
DE212,DE212,DE212DE212,311.4,1454756.2,1345775.9,24470.0,24304.0
DE213,DE213,DE213DE213,36.3,63015.2,58887.9,1674.0,1642.0
DE214,DE214,DE214DE214,569.4,110241.2,105616.5,7979.0,7663.0
DE215,DE215,DE215DE215,839.5,104278.1,100953.8,6077.0,5911.0
DE216,DE216,DE216DE216,1111.7,126555.5,119181.1,7745.0,7473.0
DE217,DE217,DE217DE217,579.5,152356.5,138797.3,8109.0,7824.0
DE218,DE218,DE218DE218,549.8,140779.9,127775.1,7026.0,6748.0
DE219,DE219,DE219DE219,1214.2,131520.3,123379.3,11018.0,10480.0
DE21A,DE21A,DE21ADE21A,870.7,136951.4,125726.2,11724.0,11093.0
DE21B,DE21B,DE21BDE21B,798.4,178210.0,162830.2,11158.0,10697.0
DE21C,DE21C,DE21CDE21C,434.7,217636.8,200697.6,8573.0,8324.0
DE21D,DE21D,DE21DDE21D,1011.7,88116.5,83991.4,5326.0,5199.0
DE21E,DE21E,DE21EDE21E,803.6,119345.6,113449.7,8890.0,8545.0
DE21F,DE21F,DE21FDE21F,866.7,99207.6,93739.6,6791.0,6501.0
DE21G,DE21G,DE21GDE21G,805.2,114503.1,106696.2,8968.0,8396.0
DE21H,DE21H,DE21HDE21H,663.9,347667.2,320394.2,15147.0,14826.0
DE21I,DE21I,DE21IDE21I,740.0,96211.0,90557.8,8503.0,8201.0
DE21J,DE21J,DE21JDE21J,760.4,126238.9,116219.5,10675.0,10301.0
DE21K,DE21K,DE21KDE21K,1440.2,259133.6,243756.9,17227.0,16540.0
DE21L,DE21L,DE21LDE21L,486.8,135568.7,126799.1,8443.0,8156.0
DE21M,DE21M,DE21MDE21M,1532.9,176706.9,168558.4,13532.0,12913.0
DE21N,DE21N,DE21NDE21N,967.3,134127.9,128677.8,9788.0,9424.0
DE221,DE221,DE221DE221,66.1,71229.3,63363.1,2447.0,2371.0
DE222,DE222,DE222DE222,70.1,51809.9,48401.8,2594.0,2531.0
DE223,DE223,DE223DE223,67.4,47592.5,44455.3,2076.0,2016.0
DE224,DE224,DE224DE224,860.8,118694.4,114393.5,9958.0,9591.0
DE225,DE225,DE225DE225,983.6,78397.0,78213.5,7643.0,7327.0
DE226,DE226,DE226DE226,1064.2,121070.2,112652.4,11078.0,10619.0
DE227,DE227,DE227DE227,1347.2,157128.5,147293.9,14565.0,13661.0
DE228,DE228,DE228DE228,1529.1,190188.2,184023.6,20419.0,19537.0
DE229,DE229,DE229DE229,974.7,77574.7,76732.0,7020.0,6709.0
DE22A,DE22A,DE22ADE22A,1280.7,119911.3,116683.4,12341.0,11828.0
DE22B,DE22B,DE22BDE22B,1200.8,99867.3,96024.9,10725.0,10155.0
DE22C,DE22C,DE22CDE22C,877.1,95777.3,90154.3,9134.0,8624.0
DE231,DE231,DE231DE231,50.4,42053.9,41691.4,1843.0,1799.0
DE232,DE232,DE232DE232,79.3,150491.2,135010.2,4789.0,4662.0
DE233,DE233,DE233DE233,70.6,42556.1,41733.8,2150.0,2105.0
DE234,DE234,DE234DE234,1255.0,103030.2,103905.4,10386.0,9953.0
DE235,DE235,DE235DE235,1519.7,127485.5,125756.1,13840.0,13044.0
DE236,DE236,DE236DE236,1344.6,132679.0,126535.9,11934.0,11262.0
DE237,DE237,DE237DE237,1428.0,94421.7,96397.1,10315.0,9472.0
DE238,DE238,DE238DE238,1392.6,192555.7,182589.4,14859.0,14293.0
DE239,DE235,DE239DE235,5.9,0.0,0.0,22.0,22.0
DE239,DE239,DE239DE239,1457.6,146436.2,142367.8,13802.0,13178.0
DE23A,DE23A,DE23ADE23A,1084.4,72850.4,74944.4,7595.0,6774.0
DE241,DE241,DE241DE241,54.9,76988.3,70717.9,2888.0,2898.0
DE242,DE242,DE242DE242,66.5,73997.2,70715.2,2983.0,2898.0
DE243,DE243,DE243DE243,48.1,41211.8,41380.3,1973.0,1957.0
DE244,DE244,DE244DE244,58.2,45834.0,44436.1,2328.0,2271.0
DE245,DE245,DE245DE245,1166.5,146791.2,143545.6,11129.0,10729.0
DE246,DE246,DE246DE246,1273.5,103756.2,105487.0,10327.0,9627.0
DE247,DE247,DE247DE247,590.9,86922.9,87455.8,6899.0,6604.0
DE248,DE248,DE248DE248,642.9,115724.8,113262.1,7231.0,6829.0
DE249,DE249,DE249DE249,893.5,95948.3,99713.2,8825.0,8403.0
DE24A,DE24A,DE24ADE24A,651.5,67461.0,69880.1,5112.0,4872.0
DE24B,DE24B,DE24BDE24B,658.0,72087.7,74070.4,6746.0,6419.0
DE24C,DE24C,DE24CDE24C,519.8,66752.4,67346.9,5076.0,5046.0
DE24D,DE24D,DE24DDE24D,606.2,73523.2,75964.8,5984.0,5591.0
DE251,DE251,DE251DE251,99.8,41660.0,39491.9,2440.0,2363.0
DE252,DE252,DE252DE252,78.0,110646.0,104084.3,3417.0,3390.0
DE253,DE253,DE253DE253,63.3,125732.9,115635.2,3197.0,3160.0
DE254,DE254,DE254DE254,187.6,515036.7,485099.7,12378.0,12245.0
DE255,DE255,DE255DE255,40.7,40956.8,38421.1,1558.0,1535.0
DE256,DE256,DE256DE256,1972.8,183268.0,178323.4,17626.0,16909.0
DE257,DE257,DE257DE257,564.4,135725.9,129809.0,7705.0,7458.0
DE258,DE258,DE258DE258,307.1,116364.9,113182.7,5478.0,5295.0
DE259,DE259,DE259DE259,797.7,170068.9,164351.4,10606.0,10393.0
DE25A,DE25A,DE25ADE25A,1267.8,99673.7,97521.8,9412.0,8930.0
DE25B,DE25B,DE25BDE25B,895.1,126275.0,123589.8,10222.0,9912.0
DE25C,DE25C,DE25CDE25C,970.3,94179.4,92357.5,8127.0,7790.0
DE261,DE261,DE261DE261,61.9,70112.4,66963.7,2534.0,2529.0
DE262,DE262,DE262DE262,35.5,53181.1,52070.5,2015.0,1952.0
DE263,DE263,DE263DE263,87.8,126950.5,124683.0,4435.0,4399.0
DE264,DE264,DE264DE264,699.0,173868.5,173330.6,9475.0,9379.0
DE265,DE265,DE265DE265,1137.7,103355.1,104032.5,12010.0,11811.0
DE266,DE266,DE266DE266,1021.4,79808.7,80841.0,6952.0,6672.0
DE267,DE267,DE267DE267,956.5,84468.0,84617.9,7118.0,6907.0
DE268,DE268,DE268DE268,683.7,90446.9,87705.2,8789.0,8518.0
DE269,DE269,DE269DE269,715.0,128527.2,128457.9,7603.0,7433.0
DE26A,DE26A,DE26ADE26A,1321.9,126611.5,127454.4,10625.0,10272.0
DE26B,DE26B,DE26BDE26B,841.3,115227.3,113035.6,8777.0,8495.0
DE26C,DE26C,DE26CDE26C,966.9,161003.8,157754.0,10653.0,10248.0
DE271,DE271,DE271DE271,146.4,291853.1,264223.8,6815.0,6759.0
DE272,DE272,DE272DE272,40.5,43329.7,41249.4,1676.0,1648.0
DE273,DE273,DE273DE273,63.2,68311.0,63480.2,2195.0,2140.0
DE274,DE274,DE274DE274,69.8,43517.0,41148.4,1795.0,1770.0
DE275,DE275,DE275DE275,779.7,132830.2,127201.0,9083.0,8770.0
DE276,DE276,DE276DE276,1071.5,250576.3,239654.9,16285.0,15607.0
DE277,DE277,DE277DE277,791.5,95137.8,93121.1,8017.0,7693.0
DE278,DE278,DE278DE278,763.4,124534.3,120183.0,9569.0,9234.0
DE279,DE279,DE279DE279,515.6,172772.3,163379.2,9022.0,8797.0
DE27A,DE27A,DE27ADE27A,323.2,79974.5,77612.2,4826.0,4659.0
DE27B,DE27B,DE27BDE27B,1393.2,139417.9,133925.0,11184.0,10741.0
DE27C,DE27C,DE27CDE27C,1229.8,142383.6,135286.7,12392.0,11782.0
DE27D,DE27D,DE27DDE27D,1274.3,133078.5,128000.6,11630.0,11113.0
DE27E,DE27E,DE27EDE27E,1528.3,154670.5,149210.5,10580.0,10144.0
DE300,DE300,DE300DE300,891.8,3611161.8,3283012.2,63898.0,63554.0
DE401,DE401,DE401DE401,229.3,71752.1,71776.7,4803.0,4763.0
DE402,DE402,DE402DE402,164.5,101188.2,99919.1,7455.0,6992.0
DE403,DE403,DE403DE403,147.7,59766.2,58761.0,3494.0,3477.0
DE404,DE404,DE404DE404,186.9,174942.8,155562.7,6353.0,6233.0
DE405,DE405,DE405DE405,1480.7,182101.8,175788.1,18342.0,18083.0
DE406,DE406,DE406DE406,2275.5,167842.9,162116.3,23289.0,22574.0
DE407,DE407,DE407DE407,1900.2,103492.4,110320.3,14648.0,14166.0
DE408,DE408,DE408DE408,1727.4,160767.4,153193.9,17258.0,16917.0
DE409,DE409,DE409DE409,2157.6,192868.9,187129.8,23935.0,23437.0
DE40A,DE40A,DE40ADE40A,1807.8,209919.0,202276.0,20484.0,20112.0
DE40B,DE40B,DE40BDE40B,1222.7,111066.8,117884.8,14576.0,14047.0
DE40C,DE40C,DE40CDE40C,2257.1,178352.2,177765.4,21848.0,21397.0
DE40D,DE40D,DE40DDE40D,2525.8,99380.2,100183.7,12658.0,12281.0
DE40E,DE40E,DE40EDE40E,2592.6,214077.5,204436.4,28090.0,27712.0
DE40F,DE40F,DE40FDE40F,2138.8,77262.5,80300.0,12026.0,11620.0
DE40G,DE40G,DE40GDE40G,1656.3,115045.8,122778.1,26425.0,25084.0
DE40H,DE40H,DE40HDE40H,2103.5,167368.2,160214.9,33941.0,33460.0
DE40I,DE40I,DE40IDE40I,3075.7,120259.1,124743.0,16912.0,16431.0
DE501,DE501,DE501DE501,325.2,566382.1,537761.1,19948.0,19693.0
DE502,DE502,DE502DE502,76.1,112626.3,107403.1,4470.0,4401.0
DE600,DE600,DE600DE600,738.6,1827377.3,1698441.0,48977.0,48642.0
DE711,DE711,DE711DE711,123.1,158724.8,144420.1,4381.0,4350.0
DE712,DE712,DE712DE712,248.1,747336.9,668608.8,15611.0,15559.0
DE713,DE713,DE713DE713,45.3,126265.2,114081.3,2396.0,2365.0
DE714,DE714,DE714DE714,203.6,278018.7,268373.2,8032.0,8035.0
DE715,DE715,DE715DE715,718.5,268167.7,260169.5,12070.0,11750.0
DE716,DE716,DE716DE716,657.8,295791.8,281862.6,11773.0,11558.0
DE717,DE717,DE717DE717,453.2,271274.1,251568.4,11237.0,10991.0
DE718,DE718,DE718DE718,480.7,236170.8,225754.1,8556.0,8391.0
DE719,DE719,DE719DE719,1396.8,417976.4,400207.0,19425.0,19054.0
DE71A,DE71A,DE71ADE71A,221.3,237293.0,224022.3,6987.0,6896.0
DE71B,DE71B,DE71BDE71B,624.9,96651.9,96622.7,5525.0,5373.0
DE71C,DE71C,DE71CDE71C,356.1,351597.2,331683.7,10978.0,10806.0
DE71D,DE71D,DE71DDE71D,811.8,186625.1,180341.0,9336.0,9207.0
DE71E,DE71E,DE71EDE71E,1100.7,305349.1,292656.1,15376.0,14869.0
DE721,DE721,DE721DE721,855.2,267109.4,251330.7,13457.0,13184.0
DE722,DE722,DE722DE722,1065.1,254080.2,253475.0,14726.0,14493.0
DE723,DE723,DE723DE723,739.1,172003.4,170755.4,9498.0,9282.0
DE724,DE724,DE724DE724,1262.0,246283.6,241200.7,14131.0,13742.0
DE725,DE725,DE725DE725,1458.1,106464.6,108573.7,10245.0,9975.0
DE731,DE731,DE731DE731,103.7,200125.2,187785.8,6463.0,6456.0
DE732,DE732,DE732DE732,1381.5,221820.2,216183.2,16905.0,16490.0
DE733,DE733,DE733DE733,1097.8,120988.4,120697.7,10216.0,9832.0
DE734,DE734,DE734DE734,1294.8,237234.6,237640.0,16930.0,16601.0
DE735,DE735,DE735DE735,1539.4,180765.7,181833.8,15168.0,14740.0
DE736,DE736,DE736DE736,1847.7,157307.8,159020.8,13553.0,13092.0
DE737,DE737,DE737DE737,1024.4,101139.2,102284.8,8553.0,8184.0
DE803,DE803,DE803DE803,168.8,205775.4,197435.9,7180.0,7077.0
DE804,DE804,DE804DE804,129.9,95796.9,91214.1,4203.0,4090.0
DE80J,DE80J,DE80JDE80J,5495.1,260631.5,267839.4,34390.0,33529.0
DE80K,DE80K,DE80KDE80K,3427.7,213473.4,212922.0,27543.0,26496.0
DE80L,DE80L,DE80LDE80L,3158.3,223668.7,224148.8,26477.0,25749.0
DE80M,DE80M,DE80MDE80M,2123.9,157038.0,157168.0,17486.0,17142.0
DE80N,DE80N,DE80NDE80N,3789.6,236022.5,240649.3,32399.0,31636.0
DE80O,DE80O,DE80ODE80O,4766.1,212552.3,214434.6,36320.0,35223.0
DE911,DE911,DE911DE911,192.3,247978.1,242530.3,9282.0,9164.0
DE912,DE912,DE912DE912,224.9,104511.5,98962.1,6181.0,6090.0
DE913,DE913,DE913DE913,205.0,123881.6,119955.4,6192.0,5955.0
DE914,DE914,DE914DE914,1569.2,175132.7,171391.5,16068.0,15652.0
DE915,DE91C,DE915DE91C,1118.5,255177.3,248003.1,13927.0,13707.0
DE916,DE916,DE916DE916,968.8,137574.1,140169.8,10249.0,9954.0
DE917,DE917,DE917DE917,675.6,91752.5,91369.4,7910.0,7733.0
DE918,DE918,DE918DE918,1269.7,133074.5,137619.6,11668.0,11483.0
DE919,DE91C,DE919DE91C,636.0,72842.5,76775.0,6008.0,5781.0
DE91A,DE91A,DE91ADE91A,536.3,133379.2,130409.0,8677.0,8337.0
DE91B,DE91B,DE91BDE91B,724.2,120462.0,120724.9,7579.0,7446.0
DE922,DE922,DE922DE922,1990.6,215778.1,212189.6,21924.0,20522.0
DE923,DE923,DE923DE923,797.8,148276.8,150219.8,9361.0,9113.0
DE925,DE925,DE925DE925,1207.6,276644.4,277540.3,16746.0,16409.0
DE926,DE926,DE926DE926,694.5,71068.1,73400.9,5739.0,5606.0
DE927,DE927,DE927DE927,1401.1,121460.5,122344.6,12809.0,11638.0
DE928,DE928,DE928DE928,676.2,157801.6,157544.1,12173.0,11975.0
DE929,DE929,DE929DE929,2297.2,1152612.1,1102225.6,50779.0,49981.0
DE931,DE931,DE931DE931,1549.9,178765.6,176698.0,19314.0,18878.0
DE932,DE932,DE932DE932,2059.0,198149.9,199221.6,23217.0,22617.0
DE933,DE933,DE933DE933,1248.7,251574.1,238935.8,20563.0,19844.0
DE934,DE934,DE934DE934,1226.4,48374.8,49226.4,6977.0,6560.0
DE935,DE935,DE935DE935,1327.0,182993.7,174348.0,15083.0,14809.0
DE936,DE936,DE936DE936,653.2,113156.8,112107.6,9894.0,9508.0
DE937,DE937,DE937DE937,2073.8,163466.1,162766.4,19746.0,18372.0
DE938,DE938,DE938DE938,1882.0,139115.5,136684.9,14595.0,13546.0
DE939,DE939,DE939DE939,1206.2,201866.9,195924.4,16713.0,15801.0
DE93A,DE93A,DE93ADE93A,1462.3,92718.0,93614.9,9154.0,8904.0
DE93B,DE93B,DE93BDE93B,789.1,137045.6,133253.8,11601.0,10935.0
DE941,DE941,DE941DE941,62.4,77547.1,73454.4,3215.0,3171.0
DE942,DE942,DE942DE942,111.2,50509.7,49734.8,3411.0,3256.0
DE943,DE943,DE943DE943,103.7,166808.4,156892.8,6517.0,6463.0
DE944,DE944,DE944DE944,120.2,164127.6,153892.8,6242.0,6167.0
DE945,DE945,DE945DE945,107.4,76274.2,77473.9,4772.0,4701.0
DE946,DE946,DE946DE946,729.6,123367.1,117951.1,12437.0,11660.0
DE947,DE947,DE947DE947,1294.2,189635.2,187019.1,16706.0,15810.0
DE948,DE948,DE948DE948,1421.1,167963.6,159515.2,16765.0,14971.0
DE949,DE949,DE949DE949,2883.8,323455.4,311392.9,35341.0,32942.0
DE94A,DE94A,DE94ADE94A,617.8,98404.4,98142.2,10117.0,9786.0
DE94B,DE94B,DE94BDE94B,982.0,135892.1,133488.0,12894.0,12183.0
DE94C,DE94C,DE94CDE94C,1064.7,168677.5,163533.4,15684.0,14995.0
DE94D,DE94D,DE94DDE94D,1065.1,130307.9,125234.9,14144.0,13620.0
DE94E,DE94E,DE94EDE94E,2120.9,356264.1,350188.7,28429.0,26757.0
DE94F,DE94F,DE94FDE94F,813.4,140474.2,132085.2,12783.0,11236.0
DE94G,DE94G,DE94GDE94G,828.4,88889.0,90286.6,9958.0,9685.0
DE94H,DE94H,DE94HDE94H,659.5,56809.6,56801.1,6288.0,5859.0
DEA11,DEA11,DEA11DEA11,217.5,615714.3,586143.7,13503.0,13401.0
DEA12,DEA12,DEA12DEA12,233.1,497748.3,487623.3,15363.0,15265.0
DEA13,DEA13,DEA13DEA13,210.4,583771.6,566618.2,14829.0,14751.0
DEA14,DEA14,DEA14DEA14,136.6,226636.9,222349.7,7691.0,7547.0
DEA15,DEA15,DEA15DEA15,170.7,262139.2,255119.3,8750.0,8598.0
DEA16,DEA16,DEA16DEA16,91.2,170712.6,167194.5,5378.0,5358.0
DEA17,DEA17,DEA17DEA17,77.4,211544.9,209525.8,6052.0,5915.0
DEA18,DEA18,DEA18DEA18,74.0,110808.8,110655.8,3282.0,3269.0
DEA19,DEA19,DEA19DEA19,89.0,159187.7,155807.3,4670.0,4632.0
DEA1A,DEA1A,DEA1ADEA1A,168.3,352798.8,341903.3,8959.0,8869.0
DEA1B,DEA1B,DEA1BDEA1B,1233.3,310282.8,301651.4,22674.0,21828.0
DEA1C,DEA1C,DEA1CDEA1C,407.6,485799.4,478541.0,16716.0,16447.0
DEA1D,DEA1D,DEA1DDEA1D,575.9,450015.8,436878.3,20166.0,19943.0
DEA1E,DEA1E,DEA1EDEA1E,563.6,298852.3,296058.6,14920.0,14468.0
DEA1F,DEA1F,DEA1FDEA1F,1042.3,461111.0,461540.4,25269.0,24456.0
DEA22,DEA22,DEA22DEA22,141.5,324976.2,305569.0,7732.0,7678.0
DEA23,DEA23,DEA23DEA23,406.5,1080381.4,1006290.0,26375.0,26145.0
DEA24,DEA24,DEA24DEA24,78.7,163460.1,158435.4,4778.0,4763.0
DEA26,DEA26,DEA26DEA26,940.0,262544.8,258546.2,18895.0,17978.0
DEA27,DEA27,DEA27DEA27,702.1,467443.1,451907.3,23068.0,22582.0
DEA28,DEA28,DEA28DEA28,1249.8,192189.5,187957.1,13741.0,13272.0
DEA29,DEA29,DEA29DEA29,627.1,252586.4,248416.8,14644.0,13735.0
DEA2A,DEA2A,DEA2ADEA2A,918.2,272694.6,272891.5,16045.0,15469.0
DEA2B,DEA2B,DEA2BDEA2B,438.0,283211.0,277596.2,11315.0,11173.0
DEA2C,DEA2C,DEA2CDEA2C,1151.9,599066.8,577848.9,27461.0,27054.0
DEA2D,DEA2D,DEA2DDEA2D,705.8,550032.4,538959.9,19911.0,19609.0
DEA31,DEA31,DEA31DEA31,100.2,117677.7,117209.7,4694.0,4624.0
DEA32,DEA32,DEA32DEA32,105.3,259616.6,256259.3,8115.0,8053.0
DEA33,DEA33,DEA33DEA33,303.5,313628.7,289537.4,10041.0,9889.0
DEA34,DEA34,DEA34DEA34,1421.4,368227.9,363713.9,24221.0,23238.0
DEA35,DEA35,DEA35DEA35,1112.2,219281.6,215249.6,15124.0,14591.0
DEA36,DEA36,DEA36DEA36,761.3,617624.8,622088.2,25445.0,25006.0
DEA37,DEA37,DEA37DEA37,1795.4,446713.7,433603.9,28994.0,27420.0
DEA38,DEA38,DEA38DEA38,1318.7,277468.5,273569.9,18133.0,17329.0
DEA41,DEA41,DEA41DEA41,259.1,332479.1,325688.0,11625.0,11494.0
DEA42,DEA42,DEA42DEA42,969.5,362745.0,351247.2,20211.0,19150.0
DEA43,DEA43,DEA43DEA43,450.7,251710.1,251091.7,13675.0,13400.0
DEA44,DEA44,DEA44DEA44,1200.7,141631.1,145894.7,11475.0,11203.0
DEA45,DEA45,DEA45DEA45,1245.8,349342.9,348789.7,19907.0,19468.0
DEA46,DEA46,DEA46DEA46,1151.9,311285.8,312106.7,22698.0,21773.0
DEA47,DEA47,DEA47DEA47,1246.8,305285.8,294198.8,19356.0,18826.0
DEA51,DEA51,DEA51DEA51,144.7,365548.7,361503.7,10899.0,10866.0
DEA52,DEA52,DEA52DEA52,279.7,585940.9,569203.4,17620.0,17561.0
DEA53,DEA53,DEA53DEA53,160.3,188144.2,187914.6,6152.0,6078.0
DEA54,DEA54,DEA54DEA54,227.6,179152.6,176343.7,7949.0,7807.0
DEA55,DEA55,DEA55DEA55,51.5,156351.0,155987.6,4447.0,4389.0
DEA56,DEA56,DEA56DEA56,410.9,324675.8,326820.8,13123.0,12999.0
DEA57,DEA57,DEA57DEA57,1959.4,261589.8,266567.9,18373.0,17801.0
DEA58,DEA58,DEA58DEA58,1060.8,413586.0,424012.0,19503.0,18986.0
DEA59,DEA59,DEA59DEA59,711.3,134804.4,136483.2,9497.0,9213.0
DEA5A,DEA5A,DEA5ADEA5A,1133.8,278172.6,277029.3,15340.0,15113.0
DEA5B,DEA5B,DEA5BDEA5B,1329.3,301542.2,296833.5,20045.0,19550.0
DEA5C,DEA5C,DEA5CDEA5C,542.7,394190.4,396227.6,17634.0,17335.0
DEB11,DEB11,DEB11DEB11,106.0,113812.0,107703.8,4313.0,4259.0
DEB12,DEB12,DEB12DEB12,786.9,128969.2,125959.2,7991.0,7730.0
DEB13,DEB13,DEB13DEB13,641.2,128626.1,130355.0,8808.0,8605.0
DEB14,DEB14,DEB14DEB14,864.0,157652.3,155542.7,8640.0,8388.0
DEB15,DEB15,DEB15DEB15,777.2,80697.0,82783.4,6535.0,6359.0
DEB16,DEB1C,DEB16DEB1C,693.0,61665.9,63090.9,5734.0,5556.0
DEB17,DEB17,DEB17DEB17,816.5,213432.8,209729.6,13635.0,13343.0
DEB18,DEB18,DEB18DEB18,627.6,181740.9,180552.0,10121.0,9880.0
DEB19,DEB1D,DEB19DEB1D,991.1,102833.1,103640.3,9065.0,8917.0
DEB1A,DEB1A,DEB1ADEB1A,781.5,122529.1,123767.1,7107.0,6939.0
DEB1B,DEB1B,DEB1BDEB1B,989.6,200866.7,199861.2,15164.0,14666.0
DEB21,DEB21,DEB21DEB21,115.5,110111.8,105594.0,3748.0,3723.0
DEB22,DEB22,DEB22DEB22,1168.7,112175.7,111289.6,10530.0,10126.0
DEB23,DEB23,DEB23DEB23,1627.7,98340.3,96101.7,12911.0,12325.0
DEB24,DEB24,DEB24DEB24,911.6,60756.8,61981.3,7210.0,6954.0
DEB25,DEB25,DEB25DEB25,1104.6,148228.3,143369.1,11838.0,11513.0
DEB31,DEB31,DEB31DEB31,43.7,48414.3,47313.9,1691.0,1650.0
DEB32,DEB32,DEB32DEB32,140.1,99604.8,96262.2,4144.0,4048.0
DEB33,DEB33,DEB33DEB33,82.1,46312.0,43391.4,1849.0,1819.0
DEB34,DEB34,DEB34DEB34,77.8,168986.1,157116.7,4801.0,4757.0
DEB35,DEB35,DEB35DEB35,97.7,214949.0,199620.4,4898.0,4822.0
DEB36,DEB36,DEB36DEB36,117.3,53326.6,52293.2,2299.0,2284.0
DEB37,DEB37,DEB37DEB37,61.5,40675.1,41047.3,1699.0,1716.0
DEB38,DEB38,DEB38DEB38,42.8,50696.9,49237.5,1952.0,1908.0
DEB39,DEB39,DEB39DEB39,108.8,83337.9,78992.8,3190.0,3149.0
DEB3A,DEB3A,DEB3ADEB3A,70.9,34175.5,34164.2,1847.0,1832.0
DEB3B,DEB3B,DEB3BDEB3B,588.0,128556.7,125046.1,6990.0,6826.0
DEB3C,DEB3C,DEB3CDEB3C,593.8,132773.1,131078.5,7004.0,6821.0
DEB3D,DEB3D,DEB3DDEB3D,644.4,75104.8,76063.6,5448.0,5228.0
DEB3E,DEB3E,DEB3EDEB3E,463.3,128276.3,124012.4,6828.0,6654.0
DEB3F,DEB3F,DEB3FDEB3F,640.6,105744.8,105350.3,9241.0,8995.0
DEB3G,DEB3G,DEB3GDEB3G,573.0,70760.5,72830.9,5999.0,5835.0
DEB3H,DEB3H,DEB3HDEB3H,639.3,110527.2,108360.6,6239.0,6036.0
DEB3I,DEB3I,DEB3IDEB3I,304.6,153454.1,146864.4,6532.0,6379.0
DEB3J,DEB3J,DEB3JDEB3J,605.4,209752.8,201193.4,9935.0,9759.0
DEB3K,DEB3K,DEB3KDEB3K,954.1,95528.6,98287.0,7017.0,6839.0
DEC01,DEC01,DEC01DEC01,411.5,326499.8,327264.2,14401.0,14258.0
DEC02,DEC02,DEC02DEC02,556.6,103424.0,103941.6,7440.0,7117.0
DEC03,DEC03,DEC03DEC03,248.1,133200.4,135393.6,7254.0,7142.0
DEC04,DEC04,DEC04DEC04,459.1,195330.7,197926.3,11881.0,11577.0
DEC05,DEC05,DEC05DEC05,419.0,143256.2,145422.9,8903.0,8829.0
DEC06,DEC06,DEC06DEC06,476.4,87899.1,90201.8,6707.0,6577.0
DED21,DED21,DED21DED21,327.9,551029.2,513588.4,15431.0,15355.0
DED2C,DED2C,DED2CDED2C,2395.5,302757.6,314704.5,30792.0,30104.0
DED2D,DED2D,DED2DDED2D,2111.2,256684.9,269839.1,46090.0,43942.0
DED2E,DED2E,DED2EDED2E,1457.7,242926.6,247196.2,21581.0,21232.0
DED2F,DED2F,DED2FDED2F,1653.6,245133.8,246170.5,21308.0,20910.0
DED41,DED41,DED41DED41,221.2,246555.9,239174.2,10403.0,10295.0
DED42,DED42,DED42DED42,1827.0,341445.7,362866.8,23976.0,23460.0
DED43,DED43,DED43DED43,2114.1,308293.9,321977.2,27315.0,26726.0
DED44,DED44,DED44DED44,1412.2,229665.9,239832.3,21401.0,21027.0
DED45,DED45,DED45DED45,949.5,319731.5,334949.7,23436.0,22887.0
DED51,DED51,DED51DED51,298.9,581885.9,503486.4,17726.0,17593.0
DED52,DED52,DED52DED52,1651.4,255587.8,262275.3,26906.0,26154.0
DED53,DED53,DED53DED53,2027.3,197786.7,200527.7,23395.0,23082.0
DEE01,DEE01,DEE01DEE01,246.1,82112.0,86044.4,5004.0,4942.0
DEE02,DEE02,DEE02DEE02,135.7,239045.5,229061.7,7462.0,7310.0
DEE03,DEE03,DEE03DEE03,200.4,238415.9,228078.9,9232.0,9114.0
DEE04,DEE04,DEE04DEE04,2303.9,84441.6,88238.6,11927.0,11498.0
DEE05,DEE05,DEE05DEE05,1460.5,161248.9,172082.3,16365.0,15767.0
DEE06,DEE06,DEE06DEE06,1589.4,90402.5,93877.3,13880.0,13552.0
DEE07,DEE07,DEE07DEE07,2376.9,172700.7,176144.1,27208.0,26757.0
DEE08,DEE08,DEE08DEE08,1418.4,181844.3,189963.4,18347.0,17848.0
DEE09,DEE09,DEE09DEE09,2107.6,216312.8,226497.6,18061.0,17608.0
DEE0A,DEE0A,DEE0ADEE0A,1456.2,138012.3,147795.7,14059.0,13665.0
DEE0B,DEE0B,DEE0BDEE0B,1439.3,185615.6,191927.8,21673.0,21156.0
DEE0C,DEE0C,DEE0CDEE0C,1434.8,192678.6,205340.1,18210.0,17304.0
DEE0D,DEE0D,DEE0DDEE0D,2436.8,113227.7,119231.6,14479.0,13842.0
DEE0E,DEE0E,DEE0EDEE0E,1943.0,126793.6,132904.5,14131.0,13873.0
DEF01,DEF01,DEF01DEF01,49.2,87370.6,81734.8,3333.0,3269.0
DEF02,DEF02,DEF02DEF02,112.2,244862.6,232472.6,7284.0,7227.0
DEF03,DEF03,DEF03DEF03,211.7,215849.9,210051.1,8165.0,7967.0
DEF04,DEF04,DEF04DEF04,71.4,79302.6,77252.4,3748.0,3684.0
DEF05,DEF05,DEF05DEF05,1426.2,133164.5,133621.8,15303.0,14598.0
DEF06,DEF06,DEF06DEF06,1262.5,196254.6,186121.1,14550.0,14035.0
DEF07,DEF07,DEF07DEF07,2084.5,165269.5,163497.1,20652.0,19882.0
DEF08,DEF08,DEF08DEF08,1386.2,199527.3,196892.5,18080.0,17558.0
DEF09,DEF09,DEF09DEF09,636.2,313333.1,301129.5,16060.0,15351.0
DEF0A,DEF0A,DEF0ADEF0A,1082.9,128572.4,127883.9,12267.0,11914.0
DEF0B,DEF0B,DEF0BDEF0B,2169.2,272595.1,269271.2,26026.0,25136.0
DEF0C,DEF0C,DEF0CDEF0C,1990.7,198706.5,194912.8,23215.0,21797.0
DEF0D,DEF0D,DEF0DDEF0D,1345.8,274260.1,261216.0,20309.0,19489.0
DEF0E,DEF0E,DEF0EDEF0E,1017.5,131627.6,130746.2,11970.0,11305.0
DEF0F,DEF0F,DEF0FDEF0F,765.2,242451.0,231464.8,14900.0,14410.0
DEG01,DEG01,DEG01DEG01,270.4,212996.9,200882.0,8446.0,8337.0
DEG02,DEG02,DEG02DEG02,152.3,94821.6,96050.1,4590.0,4551.0
DEG03,DEG03,DEG03DEG03,114.8,110281.8,104801.9,3529.0,3495.0
DEG04,DEG04,DEG04DEG04,102.4,35165.3,36927.1,2195.0,2159.0
DEG05,DEG05,DEG05DEG05,84.4,64382.4,62667.8,2804.0,2760.0
DEG06,DEG06,DEG06DEG06,942.5,100636.4,102272.0,7694.0,7449.0
DEG07,DEG07,DEG07DEG07,714.0,84700.1,87203.4,6995.0,6734.0
DEG09,DEG09,DEG09DEG09,979.1,103493.0,106118.3,7918.0,7785.0
DEG0A,DEG0A,DEG0ADEG0A,1037.9,75829.7,80090.5,7612.0,7334.0
DEG0B,DEG0B,DEG0BDEG0B,1210.9,122939.6,127642.4,9664.0,9582.0
DEG0C,DEG0C,DEG0CDEG0C,936.0,135518.2,136334.8,10658.0,10530.0
DEG0D,DEG0D,DEG0DDEG0D,806.9,70022.0,71874.2,7329.0,7132.0
DEG0E,DEG0E,DEG0EDEG0E,937.6,63973.5,66505.8,5868.0,5738.0
DEG0F,DEG0F,DEG0FDEG0F,843.2,108807.9,110351.6,9022.0,8742.0
DEG0G,DEG0G,DEG0GDEG0G,804.3,82194.9,82710.7,7745.0,7573.0
DEG0H,DEG0H,DEG0HDEG0H,433.1,56298.8,58723.0,3852.0,3797.0
DEG0I,DEG0I,DEG0IDEG0I,1036.3,107425.2,113344.8,8284.0,7967.0
DEG0J,DEG0J,DEG0JDEG0J,815.3,83774.2,85734.9,8123.0,7926.0
DEG0K,DEG0K,DEG0KDEG0K,1151.6,81522.2,85839.0,8462.0,8258.0
DEG0L,DEG0L,DEG0LDEG0L,846.2,99465.1,105376.9,11300.0,11248.0
DEG0M,DEG0M,DEG0MDEG0M,569.3,90849.2,96627.8,7915.0,7736.0
DEG0N,DEG0N,DEG0NDEG0N,104.5,42678.3,41697.4,2135.0,2056.0
DEG0P,DEG0P,DEG0PDEG0P,1306.1,123934.2,128768.9,10802.0,10547.0
DK011,DK011,DK011DK011,184.1,590807.0,678956.0,12463.0,12467.0
DK012,DK012,DK012DK012,341.8,450830.4,511510.8,23414.0,23215.0
DK013,DK013,DK013DK013,1458.3,449964.5,444477.2,39469.0,38452.0
DK014,DK014,DK014DK014,590.4,39390.9,41511.3,5691.0,5510.0
DK021,DK021,DK021DK021,810.0,243876.2,234592.4,19484.0,18748.0
DK022,DK022,DK022DK022,6501.6,580717.6,580050.9,77963.0,74872.0
DK031,DK031,DK031DK031,3489.4,488649.7,481866.1,51293.0,48360.0
DK032,DK032,DK032DK032,8662.2,720408.8,711801.1,90056.0,84808.0
DK041,DK041,DK041DK041,7234.0,427616.7,425058.7,62071.0,58264.0
DK042,DK042,DK042DK042,5920.3,874920.0,829125.5,79442.0,75787.0
DK050,DK050,DK050DK050,7930.2,584537.3,575970.5,80891.0,77906.0
EE001,EE001,EE001EE001,4333.3,587852.6,548259.3,38423.0,36661.0
EE004,EE004,EE004EE004,11160.3,153537.2,146244.8,27591.0,27030.0
EE006,EE006,EE006EE006,9067.7,126630.8,125316.6,16630.0,15968.0
EE007,EE006,EE007EE006,67.1,1557.1,1805.6,482.0,482.0
EE007,EE007,EE007EE007,3452.4,138426.8,144892.3,19494.0,18429.0
EE007,EE008,EE007EE008,498.8,2069.0,1972.6,365.0,353.0
EE008,EE008,EE008EE008,16711.7,322226.6,320229.9,33506.0,32470.0
EL301,EL301,EL301EL301,132.2,590275.1,612249.3,9343.0,9323.0
EL302,EL302,EL302EL302,67.5,491427.6,525156.3,4740.0,4727.0
EL303,EL303,EL303EL303,87.1,1013316.1,1059633.3,6477.0,6462.0
EL304,EL304,EL304EL304,70.4,528087.4,543814.2,5368.0,5367.0
EL305,EL305,EL305EL305,1511.6,502195.9,517142.7,39913.0,38801.0
EL306,EL306,EL306EL306,1001.3,159997.1,169155.7,15015.0,14586.0
EL306,EL641,EL306EL641,2.1,44.4,0.0,127.0,116.0
EL307,EL307,EL307EL307,925.4,513710.9,540744.0,11092.0,10937.0
EL411,EL411,EL411EL411,2158.8,100915.7,102115.3,6437.0,6176.0
EL412,EL412,EL412EL412,777.2,40990.6,41373.0,2883.0,2797.0
EL413,EL413,EL413EL413,904.9,50000.0,50898.8,2748.0,2666.0
EL421,EL421,EL421EL421,2692.0,188037.7,203829.4,13618.0,13150.0
EL422,EL422,EL422EL422,2585.9,115377.6,124092.1,19130.0,18517.0
EL431,EL431,EL431EL431,2640.8,304422.1,306577.5,13886.0,13372.0
EL432,EL432,EL432EL432,1824.8,74155.5,74374.5,5965.0,5780.0
EL433,EL433,EL433EL433,1492.7,85264.6,85809.4,6129.0,6026.0
EL434,EL434,EL434EL434,2375.3,155254.9,156252.5,11721.0,11331.0
EL511,EL511,EL511EL511,4244.9,147556.5,146935.6,15124.0,13842.0
EL512,EL512,EL512EL512,1796.2,111168.4,112494.7,7440.0,6685.0
EL513,EL513,EL513EL513,2547.5,112032.6,113051.9,9304.0,8278.0
EL514,EL514,EL514EL514,3465.3,98260.3,98952.0,8552.0,7742.0
EL515,EL515,EL515EL515,2118.3,136559.2,138078.2,13350.0,12793.0
EL521,EL521,EL521EL521,1698.9,140605.2,143305.7,9925.0,8835.0
EL522,EL522,EL522EL522,3675.3,1107628.3,1136901.2,40159.0,38847.0
EL523,EL523,EL523EL523,2520.2,80433.8,81811.1,9160.0,8645.0
EL524,EL524,EL524EL524,2502.8,139654.5,142289.5,8527.0,7410.0
EL525,EL525,EL525EL525,1520.3,126291.0,128565.3,9848.0,9286.0
EL526,EL526,EL526EL526,3966.9,176412.0,180063.4,14429.0,13617.0
EL527,EL527,EL527EL527,2922.0,104661.8,107920.3,15686.0,14744.0
EL531,EL531,EL531EL531,5804.7,181962.3,183117.0,26088.0,24511.0
EL532,EL532,EL532EL532,1721.2,50322.4,50792.0,4461.0,4046.0
EL533,EL533,EL533EL533,1922.9,51422.1,51894.0,8755.0,7420.0
EL541,EL541,EL541EL541,2637.0,124845.9,128426.0,12935.0,13133.0
EL542,EL542,EL542EL542,1511.3,42102.1,42461.7,5628.0,5626.0
EL543,EL543,EL543EL543,4986.8,167824.5,172733.7,14075.0,13604.0
EL611,EL611,EL611EL611,6016.4,244668.2,249790.7,24164.0,22998.0
EL612,EL612,EL612EL612,5382.6,284291.3,290267.3,20160.0,18727.0
EL613,EL613,EL613EL613,2630.1,200102.3,204421.3,13828.0,13229.0
EL621,EL621,EL621EL621,406.3,39850.2,39925.8,4585.0,4381.0
EL622,EL622,EL622EL622,635.0,103435.6,104180.2,9281.0,8784.0
EL623,EL623,EL623EL623,899.0,37680.5,37837.4,5441.0,5198.0
EL624,EL624,EL624EL624,351.3,22235.6,22052.7,2642.0,2479.0
EL631,EL631,EL631EL631,5411.4,209586.9,213026.1,20860.0,19464.0
EL632,EL632,EL632EL632,3270.4,306878.8,312925.2,16746.0,16375.0
EL633,EL633,EL633EL633,2616.2,159108.4,161140.8,12052.0,11673.0
EL641,EL641,EL641EL641,2948.4,117198.4,119778.6,14449.0,12960.0
EL642,EL642,EL642EL642,4160.6,206411.7,211750.6,22657.0,21788.0
EL643,EL643,EL643EL643,1865.5,20025.6,20668.7,4093.0,4780.0
EL644,EL644,EL644EL644,4437.1,157033.8,161253.0,16867.0,15828.0
EL645,EL645,EL645EL645,2121.3,39468.8,40246.1,5493.0,5322.0
EL651,EL651,EL651EL651,6569.6,182447.7,186368.1,21932.0,21622.0
EL652,EL652,EL652EL652,2290.8,142207.4,145511.2,14106.0,13762.0
EL653,EL653,EL653EL653,6631.3,246696.9,251408.3,20085.0,19646.0
ELZZZ,ELZZZ,ELZZZELZZZ,335.8,1703.7,1672.8,272.0,906.0
ES111,ES111,ES111ES111,7946.9,1107057.9,1130501.2,74915.0,72709.0
ES112,ES112,ES112ES112,9855.5,329788.1,345923.1,27901.0,26968.0
ES113,ES113,ES113ES113,7272.6,309265.6,326953.2,24267.0,23440.0
ES114,ES114,ES114ES114,4491.5,928366.6,942309.9,58277.0,57731.0
ES120,ES120,ES120ES120,10600.4,1025949.6,1072628.2,45758.0,45586.0
ES130,ES130,ES130ES130,5325.3,575698.6,587465.0,28863.0,27542.0
ES211,ES211,ES211ES211,3037.1,329062.3,319596.7,14532.0,14002.0
ES212,ES212,ES212ES212,1979.5,718101.6,703120.6,17650.0,16884.0
ES213,ES213,ES213ES213,2211.9,1145460.3,1152738.1,24526.0,23454.0
ES220,ES220,ES220ES220,10390.7,647609.8,638483.7,32696.0,32007.0
ES230,ES230,ES230ES230,5044.6,315280.2,320762.0,17033.0,17062.0
ES241,ES241,ES241ES241,15636.9,219345.0,224375.0,23388.0,20104.0
ES242,ES242,ES242ES242,14809.0,134594.6,141703.2,19475.0,18668.0
ES243,ES243,ES243ES243,17274.4,954851.4,971941.1,47106.0,43849.0
ES300,ES300,ES300ES300,8031.1,6578330.5,6420651.0,136128.0,133295.0
ES411,ES411,ES411ES411,8050.3,158568.6,170783.4,17040.0,16090.0
ES412,ES412,ES412ES412,14290.4,357138.6,370699.5,30344.0,28976.0
ES413,ES413,ES413ES413,15577.1,463706.7,491962.7,45643.0,44117.0
ES414,ES414,ES414ES414,8052.1,162011.5,168240.8,17840.0,17184.0
ES415,ES415,ES415ES415,12349.6,331295.9,347786.8,24351.0,22720.0
ES416,ES416,ES416ES416,6923.7,153354.6,162929.6,18861.0,16749.0
ES417,ES417,ES417ES417,10306.5,88610.0,93649.0,12198.0,11390.0
ES418,ES418,ES418ES418,8110.3,519864.4,532068.0,29844.0,29227.0
ES419,ES419,ES419ES419,10560.7,174565.2,190308.1,23802.0,21642.0
ES421,ES421,ES421ES421,14926.6,388808.9,401669.6,27867.0,27527.0
ES422,ES422,ES422ES422,19813.6,499090.4,526687.2,36933.0,36268.0
ES423,ES423,ES423ES423,17139.9,197216.7,214517.0,25786.0,25326.0
ES424,ES424,ES424ES424,12210.5,254136.4,255811.2,19680.0,19004.0
ES425,ES425,ES425ES425,15366.9,687347.6,704255.8,53463.0,51920.0
ES431,ES431,ES431ES431,21766.2,676410.9,692241.3,43554.0,42214.0
ES432,ES432,ES432ES432,19867.8,396455.1,411116.4,30924.0,28962.0
ES511,ES511,ES511ES511,7727.5,5603495.2,5510865.3,109616.0,106738.0
ES512,ES512,ES512ES512,5907.6,760129.2,750763.0,41193.0,38981.0
ES513,ES513,ES513ES513,12166.2,432816.3,437078.1,28757.0,24810.0
ES514,ES514,ES514ES514,6301.9,790778.3,801110.3,43060.0,41029.0
ES521,ES521,ES521ES521,5816.3,1833010.9,1848848.0,78378.0,76387.0
ES522,ES522,ES522ES522,6631.9,573920.8,592437.6,27657.0,26405.0
ES523,ES523,ES523ES523,10806.3,2544923.9,2564255.5,78778.0,75496.0
ES531,ES531,ES531ES531,652.8,152031.6,140039.4,9930.0,9101.0
ES532,ES532,ES532ES532,3639.6,871657.8,855124.9,41287.0,39595.0
ES533,ES533,ES533ES533,694.1,90295.8,92889.7,6350.0,6370.0
ES611,ES611,ES611ES611,8774.5,702940.9,686051.6,37966.0,36768.0
ES612,ES612,ES612ES612,7435.5,1225842.5,1234571.4,50391.0,49413.0
ES613,ES613,ES613ES613,13771.6,785188.2,801759.3,38600.0,35434.0
ES614,ES614,ES614ES614,12647.6,913455.3,921935.1,35697.0,33967.0
ES615,ES615,ES615ES615,10127.9,524018.3,520708.1,30887.0,29456.0
ES616,ES616,ES616ES616,13496.4,637462.4,668156.4,26775.0,24449.0
ES617,ES617,ES617ES617,7308.4,1631029.6,1593034.9,56836.0,54493.0
ES618,ES618,ES618ES618,14036.3,1937010.5,1935928.0,72863.0,68883.0
ES620,ES620,ES620ES620,11312.4,1476102.4,1463039.2,71442.0,68831.0
ES630,ES630,ES630ES630,19.6,80470.2,80722.4,980.0,958.0
ES640,ES640,ES640ES640,13.3,81939.6,80086.6,1022.0,1017.0
ES703,ES703,ES703ES703,268.6,10527.1,10626.7,1607.0,1622.0
ES704,ES704,ES704ES704,1659.8,112207.8,102439.8,9291.0,9179.0
ES705,ES705,ES705ES705,1560.0,840322.0,842647.5,22205.0,21916.0
ES706,ES706,ES706ES706,369.7,20463.2,21271.1,2021.0,2113.0
ES707,ES707,ES707ES707,708.2,80820.0,83129.3,4772.0,4764.0
ES708,ES708,ES708ES708,845.9,146420.6,136612.3,8054.0,8039.0
ES709,ES709,ES709ES709,2034.2,898865.6,876934.8,28186.0,27974.0
FI193,FI193,FI193FI193,19947.1,272875.3,272231.5,42061.0,39409.0
FI194,FI194,FI194FI194,13997.1,188654.5,192972.8,45464.0,42821.0
FI195,FI195,FI195FI195,7785.8,177616.5,176317.5,40076.0,37843.0
FI196,FI196,FI196FI196,8218.5,215689.8,222662.6,45790.0,43628.0
FI197,FI197,FI197FI197,14613.4,509019.4,488126.5,64571.0,61936.0
FI1B1,FI1B1,FI1B1FI1B1,9363.1,1603032.7,1489106.3,112247.0,105716.0
FI1C1,FI1C1,FI1C1FI1C1,10485.4,467967.6,457095.5,74987.0,72021.0
FI1C2,FI1C2,FI1C2FI1C2,5709.0,169630.8,173740.4,25563.0,23687.0
FI1C3,FI1C3,FI1C3FI1C3,6254.7,198448.9,200005.6,26813.0,25337.0
FI1C4,FI1C4,FI1C4FI1C4,5583.7,168577.9,177359.0,28666.0,26783.0
FI1C5,FI1C5,FI1C5FI1C5,6873.6,127606.8,131306.2,20147.0,18039.0
FI1D1,FI1D1,FI1D1FI1D1,19130.6,143201.3,153523.6,24047.0,22119.0
FI1D2,FI1D2,FI1D2FI1D2,20366.1,242789.9,245993.4,35663.0,32627.0
FI1D3,FI1D3,FI1D3FI1D3,21582.5,160482.5,164276.6,24915.0,21464.0
FI1D4,FI1D8,FI1D4FI1D8,22688.3,72289.4,77456.4,16825.0,15361.0
FI1D4,FI1D9,FI1D4FI1D9,1762.3,2831.1,3289.3,979.0,927.0
FI1D5,FI1D5,FI1D5FI1D5,5201.8,67301.7,67590.4,12973.0,12193.0
FI1D6,FI1D9,FI1D6FI1D9,37379.5,403104.8,393234.6,70046.0,65087.0
FI1D7,FI1D7,FI1D7FI1D7,98965.9,175080.5,181254.3,52583.0,48473.0
FI200,FI200,FI200FI200,1303.0,28380.2,27128.2,6335.0,5943.0
FR101,FR101,FR101FR101,105.3,2169038.5,2212078.4,10360.0,10358.0
FR102,FR102,FR102FR102,5927.0,1395837.0,1320884.4,86967.0,84423.0
FR103,FR103,FR103FR103,2306.9,1432560.9,1413517.3,60513.0,59517.0
FR104,FR104,FR104FR104,1819.7,1286784.8,1214095.6,51990.0,50898.0
FR105,FR105,FR105FR105,175.5,1612532.1,1571501.4,16484.0,16463.0
FR106,FR106,FR106FR106,236.9,1618816.9,1548004.5,22117.0,22031.0
FR107,FR107,FR107FR107,245.0,1380566.8,1334795.4,20677.0,20595.0
FR108,FR108,FR108FR108,1253.0,1221033.4,1171089.2,38025.0,37224.0
FR211,FRF21,FR211FRF21,5244.3,275112.2,283423.3,27930.0,26537.0
FR212,FRF22,FR212FRF22,6027.6,308940.1,303327.3,37006.0,35502.0
FR213,FRF23,FR213FRF23,8189.5,570789.6,565330.7,53556.0,51529.0
FR214,FRF24,FR214FRF24,6256.9,178044.2,183444.9,26464.0,25271.0
FR221,FRE21,FR221FRE21,7410.5,536161.3,540615.6,53121.0,50684.0
FR221,FRF23,FR221FRF23,7.6,49.0,51.0,5.0,5.0
FR222,FRE22,FR222FRE22,5890.1,823579.0,804240.6,65325.0,63479.0
FR223,FRE23,FR223FRE23,6191.8,572548.3,570700.9,57234.0,55042.0
FR231,FRD21,FR231FRD21,6024.8,602192.7,586536.5,62957.0,60590.0
FR232,FRD22,FR232FRD22,6299.7,1254233.5,1248757.9,96527.0,92933.0
FR241,FRB01,FR241FRB01,7306.0,307174.3,311423.1,42074.0,39459.0
FR242,FRB02,FR242FRB02,5932.1,433927.9,428529.7,44031.0,41976.0
FR243,FRB03,FR243FRB03,6899.3,223648.2,231147.4,34721.0,33291.0
FR244,FRB04,FR244FRB04,6157.5,606176.8,590485.0,57055.0,53797.0
FR245,FRB05,FR245FRB05,6421.7,332858.8,330127.5,40418.0,38144.0
FR246,FRB06,FR246FRB06,6813.1,674237.7,656060.8,62757.0,60334.0
FR251,FRD11,FR251FRD11,5586.2,692735.7,681194.1,61069.0,58666.0
FR251,FRD12,FR251FRD12,13.6,512.1,488.5,114.0,109.0
FR252,FRD12,FR252FRD12,5997.2,496358.3,497067.6,64282.0,61276.0
FR253,FRD13,FR253FRD13,6146.3,285298.9,291657.9,34489.0,31697.0
FR261,FRC11,FR261FRC11,8801.6,533264.3,524436.6,52926.0,51173.0
FR262,FRC12,FR262FRC12,6875.4,209238.2,219427.1,25457.0,23790.0
FR263,FRC13,FR263FRC13,8614.6,554642.3,554759.1,71043.0,69075.0
FR264,FRC14,FR264FRC14,7461.5,340610.9,342413.4,39467.0,37930.0
FR301,FRE11,FR301FRE11,5743.5,2595882.4,2571798.0,127660.0,122970.0
FR302,FRE12,FR302FRE12,6693.4,1469389.2,1459805.6,110549.0,107115.0
FR411,FRF31,FR411FRF31,5284.4,733464.6,731520.5,48760.0,47426.0
FR412,FRF32,FR412FRF32,6234.5,189152.7,193984.7,27484.0,26113.0
FR413,FRF33,FR413FRF33,6252.0,1049462.8,1046173.2,74817.0,73233.0
FR414,FRF34,FR414FRF34,5897.4,369700.7,379788.7,41643.0,40029.0
FR421,FRF11,FR421FRF11,4797.3,1121487.5,1095165.9,61561.0,60003.0
FR422,FRF12,FR422FRF12,3531.8,764387.4,753996.1,49023.0,48220.0
FR431,FRC21,FR431FRC21,5256.3,538294.4,527665.7,46177.0,44358.0
FR432,FRC22,FR432FRC22,5049.2,260545.3,261614.8,34014.0,32795.0
FR433,FRC23,FR433FRC23,5390.4,237331.3,239577.3,33550.0,31575.0
FR434,FRC24,FR434FRC24,611.1,143837.7,142546.2,10148.0,9911.0
FR511,FRG01,FR511FRG01,6873.4,1377921.5,1279433.9,115374.0,111879.0
FR511,FRG02,FR511FRG02,6.0,979.8,979.9,107.0,106.0
FR512,FRG01,FR512FRG01,65.2,1165.1,1146.1,322.0,309.0
FR512,FRG02,FR512FRG02,7166.3,810142.5,783628.6,79783.0,77301.0
FR513,FRG03,FR513FRG03,5213.2,307762.5,306496.5,38280.0,35476.0
FR514,FRG04,FR514FRG04,6245.6,567443.8,563679.9,55652.0,52675.0
FR515,FRG05,FR515FRG05,6768.1,669981.0,634328.2,90867.0,85956.0
FR521,FRH01,FR521FRH01,6976.5,597099.7,589880.8,83970.0,80746.0
FR522,FRH02,FR522FRH02,6750.4,902302.7,891529.9,97715.0,95035.0
FR523,FRH03,FR523FRH03,6838.1,1050441.3,986677.4,92657.0,88981.0
FR524,FRH04,FR524FRH04,6821.1,743388.1,717524.7,80451.0,77223.0
FR531,FRI31,FR531FRI31,5974.2,353388.9,351631.2,47754.0,45525.0
FR532,FRI32,FR532FRI32,6874.3,640046.3,620135.4,72819.0,70062.0
FR533,FRI33,FR533FRI33,6040.0,374776.1,369231.2,53533.0,51326.0
FR534,FRI34,FR534FRI34,7039.1,436133.4,427140.8,53201.0,51060.0
FR611,FRI11,FR611FRI11,9222.4,415007.1,414064.5,43227.0,40752.0
FR612,FRI12,FR612FRI12,10081.5,1565002.2,1448123.5,138026.0,132024.0
FR613,FRI13,FR613FRI13,9349.4,404478.2,383939.1,56700.0,53510.0
FR614,FRI14,FR614FRI14,5385.4,332875.8,331177.3,34336.0,32271.0
FR615,FRI15,FR615FRI15,7681.6,674086.5,656045.5,60664.0,57659.0
FR621,FRJ21,FR621FRJ21,4911.4,153013.8,152026.9,16570.0,15651.0
FR622,FRJ22,FR622FRJ22,8773.4,278748.1,276975.3,30542.0,29132.0
FR623,FRJ23,FR623FRJ23,6358.0,1348234.9,1243702.3,96312.0,92829.0
FR624,FRJ24,FR624FRJ24,6300.6,190580.6,188157.5,22287.0,21327.0
FR625,FRJ25,FR625FRJ25,5226.2,173468.5,174423.4,21012.0,20524.0
FR626,FRJ26,FR626FRJ26,4520.6,227765.6,229432.5,26565.0,25230.0
FR627,FRJ27,FR627FRJ27,5781.9,386337.4,375230.6,40497.0,38396.0
FR628,FRJ28,FR628FRJ28,3730.8,256981.2,241751.4,28530.0,25721.0
FR631,FRI21,FR631FRI21,5898.7,241383.2,243494.4,32281.0,30751.0
FR632,FRI22,FR632FRI22,5599.9,119549.8,123034.6,20595.0,19118.0
FR633,FRI23,FR633FRI23,5557.1,375016.9,376291.7,46219.0,44631.0
FR711,FRK21,FR711FRK21,5785.3,638359.2,597874.5,64210.0,61955.0
FR712,FRK22,FR712FRK22,5565.8,325197.9,315007.9,33280.0,31071.0
FR713,FRK23,FR713FRK23,6559.5,507691.9,484384.8,42797.0,40599.0
FR714,FRK24,FR714FRK24,7879.1,1253014.5,1206564.2,86389.0,83468.0
FR715,FRK25,FR715FRK25,4804.3,761813.4,748882.5,60423.0,58205.0
FR716,FRK26,FR716FRK26,3258.6,1836789.1,1726897.1,75700.0,73978.0
FR717,FRK27,FR717FRK27,6269.8,429280.0,414131.1,36916.0,35320.0
FR718,FRK28,FR718FRK28,4604.5,802359.8,739083.0,58293.0,56076.0
FR721,FRK11,FR721FRK11,7379.5,339445.0,342873.3,45645.0,42865.0
FR722,FRK12,FR722FRK12,5774.4,145997.4,148132.6,14782.0,14296.0
FR723,FRK13,FR723FRK13,5004.2,227272.2,223856.3,28350.0,26639.0
FR724,FRK14,FR724FRK14,8014.7,650722.3,632455.5,61103.0,58722.0
FR811,FRJ11,FR811FRJ11,6323.2,367957.1,356317.1,34453.0,32771.0
FR812,FRJ12,FR812FRJ12,5875.2,741783.9,710001.2,59234.0,55903.0
FR813,FRJ13,FR813FRJ13,6161.8,1129821.3,1041019.1,63895.0,60898.0
FR814,FRJ14,FR814FRJ14,5175.5,76417.3,77097.5,10554.0,9916.0
FR815,FRJ15,FR815FRJ15,4106.2,474052.0,447994.7,33316.0,31248.0
FR821,FRL01,FR821FRL01,6995.2,162549.0,160122.6,18353.0,16763.0
FR822,FRL02,FR822FRL02,5690.6,141012.4,136978.2,14132.0,13446.0
FR823,FRL03,FR823FRL03,4294.1,1066248.3,1077082.1,49537.0,48612.0
FR824,FRL04,FR824FRL04,5086.2,2013328.6,1965548.7,110939.0,107740.0
FR825,FRL05,FR825FRL05,6027.7,1050908.9,1003835.5,85979.0,81461.0
FR826,FRL06,FR826FRL06,3578.2,559255.7,543218.4,42025.0,40505.0
FR831,FRM01,FR831FRM01,4014.8,152136.8,141787.0,19880.0,18807.0
FR832,FRM02,FR832FRM02,4705.3,173724.2,164219.0,18280.0,17423.0
FRA10,FRY10,FRA10FRY10,1682.3,1682.3,1682.3,1682.340179157176,1682.340179157176
FRA20,FRY20,FRA20FRY20,1105.3,1105.3,1105.3,1105.3386258165456,1105.3386258165456
FRA30,FRY30,FRA30FRY30,83746.8,83746.8,83746.8,83746.84042608857,83746.84042608857
FRA40,FRY40,FRA40FRY40,2503.8,2503.8,2503.8,2503.779167667104,2503.779167667104
FRA50,FRY50,FRA50FRY50,364.9,364.9,364.9,364.8789132572394,364.8789132572394
HR031,HR031,HR031HR031,3571.1,278161.8,289382.3,20418.0,19587.0
HR032,HR032,HR032HR032,5343.2,44630.0,50887.6,8740.0,8558.0
HR033,HR033,HR033HR033,3616.2,161453.7,163881.6,19641.0,18985.0
HR034,HR034,HR034HR034,2942.1,97261.7,106538.5,11574.0,11157.0
HR035,HR035,HR035HR035,4525.3,436328.3,443594.8,26035.0,25133.0
HR036,HR036,HR036HR036,2804.2,204477.8,204687.3,22640.0,21420.0
HR037,HR037,HR037HR037,1763.7,115602.4,117035.7,9220.0,8751.0
HR041,HR041,HR041HR041,640.9,803527.8,789542.1,19792.0,19583.0
HR042,HR042,HR042HR042,3053.1,310560.4,318040.7,28203.0,27351.0
HR043,HR043,HR043HR043,1227.3,126109.9,133285.7,12185.0,11789.0
HR044,HR044,HR044HR044,1256.0,167654.5,176194.9,11763.0,11281.0
HR045,HR045,HR045HR045,1744.0,108545.9,115704.8,9986.0,9517.0
HR046,HR046,HR046HR046,724.5,110166.2,113769.2,8436.0,8001.0
HR047,HR047,HR047HR047,2633.6,108842.3,119944.9,9279.0,8959.0
HR048,HR048,HR048HR048,2019.9,76041.8,84954.6,7271.0,6895.0
HR049,HR049,HR049HR049,1818.0,68660.8,78213.1,5466.0,5281.0
HR04A,HR04A,HR04AHR04A,2023.8,141953.6,158585.5,11682.0,11480.0
HR04B,HR04B,HR04BHR04B,4048.3,280122.4,305254.5,21396.0,20600.0
HR04C,HR04C,HR04CHR04C,2431.9,156233.0,179701.6,14143.0,13739.0
HR04D,HR04D,HR04DHR04D,3612.4,117221.9,129342.7,9862.0,9138.0
HR04E,HR04D,HR04EHR04D,1.0,1.1,3.3,0.0,0.0
HR04E,HR04E,HR04EHR04E,4460.9,150032.2,172966.0,13472.0,13141.0
HU101,HU110,HU101HU110,525.2,1749591.1,1727340.6,37432.0,37268.0
HU102,HU120,HU102HU120,6390.8,1261517.9,1218889.3,90776.0,88091.0
HU211,HU211,HU211HU211,4358.5,416650.1,425724.5,41564.0,41015.0
HU212,HU212,HU212HU212,2264.2,297502.2,304686.0,22832.0,22256.0
HU213,HU213,HU213HU213,4463.5,341508.7,352067.4,30940.0,30568.0
HU221,HU221,HU221HU221,4208.3,461431.5,448014.7,38195.0,35972.0
HU222,HU222,HU222HU222,3336.4,253203.4,256669.4,23953.0,23234.0
HU223,HU223,HU223HU223,3784.0,270634.5,282170.5,27257.0,26167.0
HU231,HU231,HU231HU231,4429.3,363814.3,386495.3,27824.0,27238.0
HU232,HU232,HU232HU232,6064.6,303679.7,317026.7,35453.0,34739.0
HU233,HU233,HU233HU233,3703.0,219285.8,230410.2,20235.0,19549.0
HU311,HU311,HU311HU311,7245.3,648276.3,686037.0,49027.0,47663.0
HU312,HU312,HU312HU312,3637.1,295788.4,308923.8,26050.0,25831.0
HU313,HU313,HU313HU313,2544.1,190900.2,202358.1,14035.0,13753.0
HU321,HU321,HU321HU321,6209.0,530439.0,546631.9,42595.0,41079.0
HU322,HU322,HU322HU322,5582.0,371264.3,386557.0,33402.0,32467.0
HU323,HU323,HU323HU323,5932.3,558443.9,559438.5,49521.0,47317.0
HU331,HU331,HU331HU331,8443.1,505642.9,520407.9,49117.0,46080.0
HU332,HU332,HU332HU332,5630.2,338046.6,359982.9,33638.0,32642.0
HU333,HU333,HU333HU333,4261.8,400339.2,417364.9,31084.0,29063.0
IE011,IE041,IE011IE041,11504.8,393528.8,391515.9,51241.0,49367.0
IE011,IE062,IE011IE062,826.4,128072.5,122684.1,11399.0,11243.0
IE012,IE063,IE012IE063,6650.8,291674.3,283361.1,27009.0,25251.0
IE013,IE042,IE013IE042,14254.3,451861.7,439691.4,53751.0,51867.0
IE021,IE061,IE021IE061,925.0,1342709.2,1258333.1,44998.0,43555.0
IE022,IE062,IE022IE062,6062.2,562176.6,534675.5,58695.0,55373.0
IE023,IE051,IE023IE051,7972.9,383511.5,376597.5,42735.0,41396.0
IE024,IE051,IE024IE051,2258.7,88418.1,89159.2,8818.0,7829.0
IE024,IE052,IE024IE052,7194.8,421631.9,409472.2,49904.0,46865.0
IE025,IE053,IE025IE053,12239.6,687551.1,659134.2,70593.0,67206.0
IS001,IS001,IS001IS001,1042.9,221645.9,201557.9,10379.0,10214.0
IS002,IS002,IS002IS002,101609.6,123519.5,112966.7,54106.0,52615.0
ITC11,ITC11,ITC11ITC11,6829.6,2269295.9,2247689.6,78982.0,74331.0
ITC12,ITC12,ITC12ITC12,2083.0,172236.9,176959.0,14190.0,13607.0
ITC13,ITC13,ITC13ITC13,913.9,176985.6,182052.6,11553.0,10364.0
ITC14,ITC14,ITC14ITC14,2261.6,159199.7,160304.0,10356.0,9170.0
ITC15,ITC15,ITC15ITC15,1341.3,369608.0,365552.3,22662.0,22007.0
ITC16,ITC16,ITC16ITC16,6898.1,588519.6,586421.6,42103.0,36974.0
ITC17,ITC17,ITC17ITC17,1511.2,215775.8,217378.0,14417.0,13455.0
ITC18,ITC18,ITC18ITC18,3561.7,424417.8,426803.0,28647.0,26025.0
ITC20,ITC20,ITC20ITC20,3260.4,126144.1,126760.7,8626.0,7800.0
ITC31,ITC31,ITC31ITC31,1155.2,210994.9,211752.9,9795.0,9607.0
ITC32,ITC32,ITC32ITC32,1547.1,274238.4,277830.3,13581.0,13297.0
ITC33,ITC33,ITC33ITC33,1834.3,832376.4,845314.0,21819.0,21641.0
ITC34,ITC34,ITC34ITC34,881.7,213091.1,212903.3,10131.0,9954.0
ITC41,ITC41,ITC41ITC41,1199.1,890272.5,871631.6,38519.0,37467.0
ITC42,ITC42,ITC42ITC42,1278.3,598659.7,586105.1,25817.0,24219.0
ITC43,ITC43,ITC43ITC43,815.2,339835.4,337550.3,15096.0,14245.0
ITC44,ITC44,ITC44ITC44,3197.6,182013.9,180781.9,13246.0,11243.0
ITC46,ITC46,ITC46ITC46,2747.9,1110360.8,1086025.9,46059.0,43490.0
ITC47,ITC47,ITC47ITC47,4788.1,1262534.7,1238072.1,64714.0,62058.0
ITC48,ITC48,ITC48ITC48,2970.7,545792.4,535876.0,31019.0,29163.0
ITC49,ITC49,ITC49ITC49,783.6,229881.9,223988.3,11455.0,10997.0
ITC4A,ITC4A,ITC4AITC4A,1771.6,358623.6,357946.7,21880.0,20929.0
ITC4B,ITC4B,ITC4BITC4B,2342.0,411613.6,407476.7,30497.0,28877.0
ITC4C,ITC4C,ITC4CITC4C,1576.9,3232629.9,3035893.5,69356.0,67796.0
ITC4D,ITC4D,ITC4DITC4D,405.7,872986.3,841515.8,24603.0,24317.0
ITF11,ITF11,ITF11ITF11,5033.4,300412.9,298274.0,21062.0,20394.0
ITF12,ITF12,ITF12ITF12,1948.0,307903.8,306092.7,14699.0,14237.0
ITF13,ITF13,ITF13ITF13,1226.0,319008.3,313672.4,10504.0,10132.0
ITF14,ITF14,ITF14ITF14,2588.8,386450.8,387788.3,19714.0,18904.0
ITF21,ITF21,ITF21ITF21,1529.2,85210.8,87241.7,5360.0,5136.0
ITF22,ITF22,ITF22ITF22,2911.0,222891.3,225852.5,13407.0,12812.0
ITF31,ITF31,ITF31ITF31,2641.3,922912.8,905528.8,33217.0,32039.0
ITF32,ITF32,ITF32ITF32,2070.2,279098.5,284558.6,12600.0,11360.0
ITF33,ITF33,ITF33ITF33,1173.2,3084747.0,3039018.3,63169.0,61849.0
ITF34,ITF34,ITF34ITF34,2790.3,421828.0,429788.0,18464.0,17533.0
ITF35,ITF35,ITF35ITF35,4923.8,1094663.2,1085112.1,44430.0,42063.0
ITF43,ITF43,ITF43ITF43,2440.3,579172.8,583769.7,27388.0,25926.0
ITF44,ITF44,ITF44ITF44,1837.5,393520.2,398836.0,21141.0,20035.0
ITF45,ITF45,ITF45ITF45,2759.0,797010.9,800203.1,45236.0,41618.0
ITF46,ITF46,ITF46ITF46,6960.1,623209.6,624034.7,29851.0,28108.0
ITF47,ITF47,ITF47ITF47,3825.4,1250738.7,1240771.7,38717.0,36309.0
ITF48,ITF48,ITF48ITF48,1530.4,388789.5,389156.5,11737.0,11200.0
ITF51,ITF51,ITF51ITF51,6544.7,368396.4,377582.2,19031.0,17584.0
ITF52,ITF52,ITF52ITF52,3447.2,198927.8,200099.5,10094.0,9456.0
ITF61,ITF61,ITF61ITF61,6650.3,707049.9,712560.4,33590.0,31623.0
ITF62,ITF62,ITF62ITF62,1716.8,172477.8,168336.0,9486.0,8869.0
ITF63,ITF63,ITF63ITF63,2391.6,360463.3,359436.8,17722.0,16850.0
ITF64,ITF64,ITF64ITF64,1140.8,160272.9,162502.7,8344.0,8040.0
ITF65,ITF65,ITF65ITF65,3181.6,547782.5,547696.6,23610.0,22430.0
ITG11,ITG11,ITG11ITG11,2462.8,430534.4,428111.5,28880.0,28037.0
ITG12,ITG12,ITG12ITG12,4993.0,1255438.0,1238944.9,38507.0,36569.0
ITG13,ITG13,ITG13ITG13,3245.2,627165.8,645550.0,22679.0,21786.0
ITG14,ITG14,ITG14ITG14,3043.7,437173.1,445347.8,18507.0,17297.0
ITG15,ITG15,ITG15ITG15,2129.4,266092.2,272802.6,10790.0,9565.0
ITG16,ITG16,ITG16ITG16,2562.2,166305.2,173614.9,5923.0,5403.0
ITG17,ITG17,ITG17ITG17,3552.6,1108578.7,1077050.3,35548.0,33974.0
ITG18,ITG18,ITG18ITG18,1614.6,320880.1,306888.9,19425.0,18425.0
ITG19,ITG19,ITG19ITG19,2110.0,398008.4,397363.6,20867.0,20183.0
ITG25,ITG25,ITG25ITG25,4287.3,330036.4,326618.6,22074.0,21204.0
ITG26,ITG26,ITG26ITG26,3934.1,154782.9,159017.8,11052.0,10418.0
ITG27,ITG27,ITG27ITG27,4571.7,559643.1,549618.5,29100.0,27026.0
ITG28,ITG28,ITG28ITG28,3035.8,159982.5,163767.1,11824.0,11304.0
ITG29,ITG29,ITG29ITG29,3400.8,159186.9,148739.8,17920.0,18520.0
ITG2A,ITG2A,ITG2AITG2A,1856.2,56781.9,57171.1,4578.0,4283.0
ITG2B,ITG2B,ITG2BITG2B,1518.4,97795.3,101219.2,6466.0,5972.0
ITG2C,ITG2C,ITG2CITG2C,1500.4,124454.9,127574.4,8994.0,8664.0
ITH10,ITH10,ITH10ITH10,7397.3,527660.2,504579.4,22953.0,21046.0
ITH20,ITH20,ITH20ITH20,6207.8,539792.0,524750.5,27149.0,25945.0
ITH31,ITH31,ITH31ITH31,3096.8,922622.8,900667.1,55508.0,53106.0
ITH32,ITH32,ITH32ITH32,2722.1,862919.7,858808.5,45861.0,43429.0
ITH33,ITH33,ITH33ITH33,3608.6,203675.1,208554.9,12563.0,11926.0
ITH33,ITH42,ITH33ITH42,62.0,1315.0,1307.0,116.0,87.0
ITH34,ITH34,ITH34ITH34,2477.9,887729.8,877314.8,52695.0,50412.0
ITH35,ITH35,ITH35ITH35,1996.5,828338.0,821077.3,43094.0,41834.0
ITH36,ITH36,ITH36ITH36,2117.6,937176.9,921300.0,51577.0,48404.0
ITH37,ITH37,ITH37ITH37,1665.8,235902.0,242092.7,17877.0,17002.0
ITH41,ITH41,ITH41ITH41,2272.6,312257.5,311213.9,23682.0,22758.0
ITH42,ITH42,ITH42ITH42,4823.3,529248.7,535314.4,43651.0,42466.0
ITH43,ITH43,ITH43ITH43,398.7,138407.0,140431.2,8223.0,8065.0
ITH44,ITH44,ITH44ITH44,211.9,231853.4,229697.8,7091.0,6918.0
ITH51,ITH51,ITH51ITH51,2587.4,286759.9,284594.1,20781.0,19902.0
ITH52,ITH52,ITH52ITH52,3449.6,450291.4,427507.4,26890.0,25864.0
ITH53,ITH53,ITH53ITH53,2292.2,532712.7,517619.7,28010.0,27313.0
ITH54,ITH54,ITH54ITH54,2688.6,701899.9,685655.3,32045.0,30873.0
ITH55,ITH55,ITH55ITH55,3702.0,1011327.2,976565.6,40417.0,38909.0
ITH56,ITH56,ITH56ITH56,2630.9,346664.2,353317.1,22179.0,20921.0
ITH57,ITH57,ITH57ITH57,1858.3,391083.1,384163.7,22728.0,21950.0
ITH58,ITH58,ITH58ITH58,2376.9,394532.2,391365.0,20271.0,18859.0
ITH59,ITH59,ITH59ITH59,863.6,334065.8,321060.2,15152.0,14353.0
ITI11,ITI11,ITI11ITI11,1155.3,196197.5,200017.7,10698.0,10539.0
ITI12,ITI12,ITI12ITI12,1774.6,389467.6,388338.8,20259.0,19607.0
ITI13,ITI13,ITI13ITI13,964.3,292192.5,287962.1,12922.0,12210.0
ITI14,ITI14,ITI14ITI14,3513.5,1013413.5,973391.1,31092.0,30117.0
ITI15,ITI15,ITI15ITI15,365.7,255462.8,245767.3,6945.0,6780.0
ITI16,ITI16,ITI16ITI16,1212.7,332333.0,330489.4,18492.0,18180.0
ITI17,ITI17,ITI17ITI17,2445.5,420414.9,411633.4,21712.0,20939.0
ITI18,ITI18,ITI18ITI18,3231.3,343602.2,343746.9,17414.0,16374.0
ITI19,ITI19,ITI19ITI19,3820.1,267870.2,266416.5,13210.0,12401.0
ITI1A,ITI1A,ITI1AITI1A,4502.5,220285.8,218664.5,16203.0,15430.0
ITI21,ITI21,ITI21ITI21,6329.1,657806.1,655746.6,34629.0,32707.0
ITI22,ITI22,ITI22ITI22,2124.8,226864.4,228427.8,11443.0,10960.0
ITI31,ITI31,ITI31ITI31,2563.3,359521.7,361682.2,16769.0,16156.0
ITI32,ITI32,ITI32ITI32,1959.4,470254.0,471724.9,20927.0,20507.0
ITI33,ITI33,ITI33ITI33,2773.3,316201.8,319111.0,14456.0,13640.0
ITI34,ITI34,ITI34ITI34,1224.9,208207.4,210215.7,8174.0,7884.0
ITI35,ITI35,ITI35ITI35,860.4,173958.2,174543.0,8023.0,7786.0
ITI41,ITI41,ITI41ITI41,3612.5,318122.7,312828.2,18714.0,16682.0
ITI42,ITI42,ITI42ITI42,2745.3,156339.9,154703.7,9805.0,9394.0
ITI43,ITI43,ITI43ITI43,5355.5,4346543.7,3990958.5,127711.0,125724.0
ITI44,ITI44,ITI44ITI44,2249.4,570908.6,539612.1,36562.0,35148.0
ITI45,ITI45,ITI45ITI45,3238.2,490513.3,492179.2,27911.0,26501.0
LI000,LI000,LI000LI000,159.9,38083.6,36145.7,2197.0,2107.0
LT001,LT021,LT001LT021,5419.9,138260.6,156526.1,13752.0,13033.0
LT002,LT022,LT002LT022,8088.2,563134.5,603670.9,50921.0,47846.0
LT003,LT023,LT003LT023,4818.8,315951.9,336244.1,31531.0,28977.0
LT004,LT024,LT004LT024,4467.3,141285.4,159338.0,16032.0,15154.0
LT005,LT025,LT005LT025,7879.9,218323.6,250141.6,26784.0,25061.0
LT006,LT026,LT006LT026,8539.2,265157.5,300285.2,33504.0,31706.0
LT007,LT027,LT007LT027,4407.8,96008.2,109883.7,13454.0,12529.0
LT008,LT028,LT008LT028,4348.6,134139.7,151811.3,16053.0,15279.0
LT009,LT029,LT009LT029,7190.3,129620.2,151921.9,14968.0,13746.0
LT00A,LT011,LT00ALT011,9730.3,805569.2,807475.5,56755.0,52755.0
LU000,LU000,LU000LU000,2595.3,602645.4,511196.6,33555.0,31985.0
LV003,LV003,LV003LV003,13603.1,241260.6,271619.8,26337.0,25007.0
LV005,LV005,LV005LV005,14547.5,264626.7,307074.5,26574.0,25600.0
LV006,LV006,LV006LV006,304.2,624387.7,655602.0,17126.0,17069.0
LV007,LV007,LV007LV007,10140.6,375518.1,375001.6,49573.0,47890.0
LV008,LV008,LV008LV008,15251.3,189842.4,214286.0,20978.0,19945.0
LV009,LV009,LV009LV009,10739.4,231682.0,255945.4,27077.0,25580.0
MT001,MT001,MT001MT001,246.7,434979.1,380117.5,9304.0,9133.0
MT002,MT002,MT002MT002,68.6,32617.2,31274.6,1559.0,1511.0
NL111,NL111,NL111NL111,769.8,133850.9,138927.3,10986.0,10984.0
NL111,NL113,NL111NL113,81.6,11859.1,12392.2,1401.0,1353.0
NL112,NL112,NL112NL112,273.0,45710.9,49059.5,4570.0,4407.0
NL113,NL113,NL113NL113,1279.4,386663.5,377758.4,21986.0,21132.0
NL121,NL124,NL121NL124,1536.4,315895.0,318435.8,20898.0,19871.0
NL121,NL125,NL121NL125,68.4,5221.5,5578.2,455.0,429.0
NL122,NL125,NL122NL125,1385.0,134254.8,135575.2,10906.0,10563.0
NL123,NL126,NL123NL126,1006.5,185198.7,187193.7,12794.0,12381.0
NL131,NL131,NL131NL131,1061.1,190908.8,189932.9,15728.0,15262.0
NL132,NL132,NL132NL132,923.7,167208.6,171531.3,14391.0,13939.0
NL133,NL133,NL133NL133,695.4,130816.4,129943.1,8539.0,8382.0
NL211,NL211,NL211NL211,1492.2,366571.2,356222.2,22939.0,22018.0
NL212,NL212,NL212NL212,425.2,153407.3,152147.3,7879.0,7806.0
NL213,NL213,NL213NL213,1503.7,626956.0,625034.3,32571.0,31564.0
NL221,NL221,NL221NL221,1860.8,682810.3,657094.4,39834.0,38743.0
NL224,NL224,NL224NL224,756.2,240870.5,235634.1,15417.0,14793.0
NL225,NL225,NL225NL225,1561.2,398319.6,401804.3,22307.0,21604.0
NL226,NL226,NL226NL226,958.9,734868.1,711330.3,30442.0,29841.0
NL230,NL230,NL230NL230,2412.8,410576.0,392152.3,25318.0,24236.0
NL310,NL310,NL310NL310,1449.4,1293949.4,1228230.3,45399.0,44467.0
NL321,NL321,NL321NL321,1515.3,371744.9,370285.6,24145.0,22970.0
NL322,NL328,NL322NL328,302.4,244906.3,238286.8,9584.0,9172.0
NL323,NL323,NL323NL323,173.5,197559.2,194066.8,6837.0,6762.0
NL324,NL324,NL324NL324,137.1,229840.5,218041.4,5533.0,5436.0
NL325,NL325,NL325NL325,128.2,169597.2,161379.6,4706.0,4564.0
NL326,NL329,NL326NL329,875.3,1361176.2,1264566.2,36861.0,35919.0
NL327,NL327,NL327NL327,273.4,252615.5,244572.2,8617.0,8428.0
NL332,NL332,NL332NL332,263.3,863141.8,810101.7,17265.0,17159.0
NL333,NL333,NL333NL333,154.9,228455.1,215007.7,11049.0,10933.0
NL337,NL337,NL337NL337,297.5,422656.3,405761.9,12166.0,11886.0
NL338,NL33B,NL338NL33B,521.1,327810.1,317090.2,13351.0,12588.0
NL339,NL33C,NL339NL33C,1497.0,1429756.8,1382186.0,52834.0,51437.0
NL33A,NL33A,NL33ANL33A,512.8,403825.5,395785.9,14204.0,14023.0
NL341,NL341,NL341NL341,749.4,104190.8,106634.6,10556.0,10580.0
NL342,NL342,NL342NL342,1185.6,273898.7,274178.7,21334.0,20595.0
NL411,NL411,NL411NL411,1302.7,629754.2,616525.4,35109.0,34194.0
NL412,NL412,NL412NL412,933.2,473616.2,459145.8,23768.0,23894.0
NL413,NL413,NL413NL413,1388.1,653436.1,639892.0,36108.0,35193.0
NL414,NL414,NL414NL414,1457.8,764546.2,737777.6,40540.0,39514.0
NL421,NL421,NL421NL421,854.2,280404.5,280098.3,22488.0,21474.0
NL422,NL422,NL422NL422,694.5,235536.2,234724.9,15764.0,15533.0
NL423,NL423,NL423NL423,660.3,601258.8,605680.1,25557.0,25020.0
NO011,NO011,NO011NO011,451.3,662115.6,589947.8,13930.0,13809.0
NO012,NO012,NO012NO012,4913.7,606272.1,541273.2,44174.0,42118.0
NO021,NO021,NO021NO021,27397.8,196661.0,191291.1,31952.0,29472.0
NO022,NO022,NO022NO022,25192.0,189574.8,185798.6,30625.0,27228.0
NO031,NO031,NO031NO031,4156.6,289939.4,270484.9,30119.0,28276.0
NO032,NO032,NO032NO032,14909.2,279081.6,258955.1,36171.0,33662.0
NO033,NO033,NO033NO033,2191.5,240118.3,226100.8,24546.0,23389.0
NO034,NO034,NO034NO034,15280.5,169851.2,165668.5,26116.0,24981.0
NO041,NO041,NO041NO041,9126.0,113258.5,106230.1,23375.0,22198.0
NO042,NO042,NO042NO042,7234.8,178960.4,165786.1,21404.0,20148.0
NO043,NO043,NO043NO043,9326.0,451949.5,416975.4,39112.0,36432.0
NO051,NO051,NO051NO051,15289.1,495863.0,460740.3,48636.0,45976.0
NO052,NO052,NO052NO052,18539.5,102687.1,100474.0,20850.0,19724.0
NO053,NO053,NO053NO053,15005.4,242206.9,232501.7,31334.0,29889.0
NO061,NO061,NO061NO061,18106.4,307984.1,282978.0,26331.0,23944.0
NO061,NO062,NO061NO062,620.7,6442.8,6334.7,937.0,838.0
NO062,NO062,NO062NO062,22301.9,133347.1,128515.1,20023.0,18848.0
NO071,NO071,NO071NO071,38058.1,225612.2,219931.8,39139.0,37753.0
NO072,NO072,NO072NO072,25823.0,154762.9,147023.9,22101.0,21170.0
NO073,NO073,NO073NO073,48572.1,72344.8,70309.6,20667.0,20175.0
PL113,PL711,PL113PL711,293.3,690429.2,728565.7,16899.0,16175.0
PL114,PL712,PL114PL712,2205.8,386746.7,383725.3,30634.0,27353.0
PL115,PL713,PL115PL713,5971.0,587591.4,598274.9,50025.0,46547.0
PL116,PL714,PL116PL714,5666.8,448601.1,454832.6,39731.0,34108.0
PL117,PL715,PL117PL715,4082.0,362819.5,373035.0,29108.0,25348.0
PL127,PL911,PL127PL911,517.2,1763594.0,1701951.1,35168.0,34170.0
PL128,PL921,PL128PL921,5762.9,613987.3,625645.6,43465.0,39063.0
PL129,PL912,PL129PL912,3124.0,633933.2,594526.9,48171.0,44449.0
PL129,PL913,PL129PL913,694.7,79286.6,77589.7,7454.0,7007.0
PL129,PL925,PL129PL925,1284.9,108895.2,108348.4,9725.0,8276.0
PL12A,PL913,PL12APL913,1768.1,554103.4,517505.1,40808.0,37686.0
PL12A,PL926,PL12APL926,2535.3,260037.4,260170.5,22240.0,19197.0
PL12B,PL922,PL12BPL922,5255.3,342190.3,347731.9,27052.0,24032.0
PL12C,PL923,PL12CPL923,3351.6,330024.6,335479.9,20789.0,18370.0
PL12D,PL924,PL12DPL924,6505.4,386939.7,390853.2,34732.0,31684.0
PL12E,PL925,PL12EPL925,4759.1,311728.4,316199.0,32944.0,30417.0
PL213,PL213,PL213PL213,326.8,767521.6,758266.5,18764.0,18168.0
PL214,PL214,PL214PL214,4054.1,725354.0,672281.4,61576.0,56319.0
PL217,PL217,PL217PL217,2605.1,463453.5,463701.4,36125.0,33803.0
PL218,PL218,PL218PL218,3525.1,538820.7,526854.3,32000.0,27820.0
PL219,PL219,PL219PL219,2632.3,343778.4,339173.3,21921.0,19505.0
PL21A,PL21A,PL21APL21A,2040.1,552745.4,555220.6,34048.0,31643.0
PL224,PL224,PL224PL224,3049.4,516055.3,530520.3,37015.0,34165.0
PL225,PL225,PL225PL225,2352.8,666539.4,660882.2,41341.0,38260.0
PL227,PL227,PL227PL227,1352.4,635599.0,640457.1,33739.0,31380.0
PL228,PL228,PL228PL228,1575.7,440113.6,451989.4,21068.0,19518.0
PL229,PL229,PL229PL229,879.0,470232.1,481064.7,19571.0,18908.0
PL22A,PL22A,PL22APL22A,380.1,737116.7,764285.2,19881.0,19480.0
PL22B,PL22B,PL22BPL22B,1800.3,685718.4,713539.9,34625.0,32718.0
PL22C,PL22C,PL22CPL22C,944.1,396136.2,389031.0,21679.0,19764.0
PL311,PL811,PL311PL811,5977.4,303177.1,310085.6,29581.0,26630.0
PL312,PL812,PL312PL812,9291.3,628983.2,651329.4,52381.0,47548.0
PL314,PL814,PL314PL814,4220.6,712206.4,717361.7,47980.0,44505.0
PL315,PL815,PL315PL815,5633.5,481927.9,496778.6,40710.0,37091.0
PL323,PL821,PL323PL821,5537.3,483042.5,487080.2,31292.0,27921.0
PL324,PL822,PL324PL822,4292.6,391729.7,398746.1,31167.0,29382.0
PL325,PL823,PL325PL823,3550.5,637972.6,620088.0,50051.0,47004.0
PL326,PL824,PL326PL824,4465.2,616395.9,621556.0,47786.0,44169.0
PL331,PL721,PL331PL721,5030.8,765875.5,782556.6,49667.0,45534.0
PL332,PL722,PL332PL722,6677.9,481751.1,498266.1,48793.0,43522.0
PL343,PL841,PL343PL841,5133.0,512525.2,509149.7,32432.0,29310.0
PL344,PL842,PL344PL842,8817.4,398803.4,414496.8,42659.0,39123.0
PL345,PL843,PL345PL843,6236.6,273255.7,279079.5,22118.0,19012.0
PL411,PL411,PL411PL411,6459.0,412101.1,414503.1,25508.0,22680.0
PL414,PL414,PL414PL414,6397.4,658586.8,659682.7,52344.0,46038.0
PL415,PL415,PL415PL415,261.9,538762.4,555030.5,15033.0,14711.0
PL416,PL416,PL416PL416,5785.9,671114.0,671644.8,52380.0,45475.0
PL417,PL417,PL417PL417,5995.3,557053.0,549805.1,42160.0,37779.0
PL418,PL418,PL418PL418,4927.0,651418.1,595552.2,47262.0,42212.0
PL424,PL424,PL424PL424,300.6,403542.5,408030.0,11195.0,10957.0
PL426,PL426,PL426PL426,4365.1,358396.1,361693.1,24189.0,20627.0
PL427,PL427,PL427PL427,10339.2,430285.5,440944.3,30925.0,27026.0
PL428,PL428,PL428PL428,7436.0,511373.2,509886.9,40238.0,35602.0
PL431,PL431,PL431PL431,6112.5,384560.5,387127.4,28014.0,25824.0
PL432,PL432,PL432PL432,7875.2,631040.9,636599.2,44588.0,41783.0
PL514,PL514,PL514PL514,292.8,638615.8,630107.0,15910.0,15470.0
PL515,PL515,PL515PL515,5569.2,566380.3,583570.5,42580.0,39073.0
PL516,PL516,PL516PL516,3473.1,450219.9,454970.4,28145.0,25514.0
PL517,PL517,PL517PL517,4179.7,657083.7,684586.1,33659.0,31157.0
PL518,PL518,PL518PL518,6432.0,591085.6,563733.6,52200.0,46780.0
PL523,PL523,PL523PL523,4091.9,372871.0,384350.7,27387.0,25384.0
PL524,PL524,PL524PL524,5319.6,617195.7,632424.1,45247.0,42490.0
PL613,PL613,PL613PL613,2916.1,776537.4,773378.5,36504.0,33016.0
PL616,PL616,PL616PL616,4053.7,390792.1,394495.4,21280.0,18637.0
PL617,PL617,PL617PL617,4005.6,364973.9,369883.0,23658.0,20036.0
PL618,PL618,PL618PL618,3340.5,189474.4,189788.3,12508.0,10936.0
PL619,PL619,PL619PL619,3655.6,361385.3,370397.9,22205.0,19114.0
PL621,PL621,PL621PL621,7333.9,528439.7,537628.7,35041.0,31045.0
PL622,PL622,PL622PL622,10330.4,615923.7,622975.2,40534.0,35789.0
PL623,PL623,PL623PL623,6346.9,289578.4,291319.0,20563.0,18440.0
PL633,PL633,PL633PL633,414.1,745607.1,741842.8,19321.0,18624.0
PL634,PL634,PL634PL634,4303.0,582569.8,539813.7,38913.0,33976.0
PL636,PL636,PL636PL636,5245.6,335481.2,335373.8,20609.0,18525.0
PL637,PL637,PL637PL637,4104.7,226410.5,223754.7,13929.0,11721.0
PL638,PL638,PL638PL638,4102.3,433003.8,432904.8,23622.0,21095.0
PT111,PT111,PT111PT111,2219.2,230355.0,245052.9,27571.0,26930.0
PT112,PT112,PT112PT112,1246.0,403943.9,410222.3,27470.0,26958.0
PT119,PT119,PT119PT119,1451.3,412898.2,425222.2,24431.0,23495.0
PT11A,PT11A,PT11APT11A,2041.3,1721715.1,1758787.8,70240.0,68351.0
PT11B,PT11B,PT11BPT11B,2922.8,86432.5,94120.6,12334.0,11151.0
PT11C,PT11C,PT11CPT11C,1831.5,417615.6,433222.7,24688.0,23219.0
PT11D,PT11D,PT11DPT11D,4030.9,191087.4,205173.4,16926.0,15717.0
PT11E,PT11E,PT11EPT11E,5542.1,107859.3,117530.8,12809.0,11853.0
PT150,PT150,PT150PT150,4959.0,438200.0,450354.3,44511.0,42725.0
PT16B,PT16B,PT16BPT16B,2219.0,356796.0,362449.5,39392.0,37369.0
PT16D,PT16D,PT16DPT16D,1642.9,361200.3,369899.4,34462.0,33398.0
PT16E,PT16E,PT16EPT16E,4335.4,434082.4,459928.7,39443.0,37375.0
PT16F,PT16F,PT16FPT16F,2449.0,284333.2,294777.8,31129.0,29461.0
PT16G,PT16G,PT16GPT16G,3237.7,252246.3,267698.8,25349.0,23501.0
PT16H,PT16H,PT16HPT16H,4610.7,80829.2,89041.0,7835.0,7108.0
PT16I,PT16I,PT16IPT16I,3344.3,232808.8,247344.1,26258.0,24126.0
PT16J,PT16J,PT16JPT16J,6302.1,213532.6,236211.7,20128.0,18737.0
PT170,PT170,PT170PT170,2853.1,2839522.1,2815076.9,91907.0,89743.0
PT181,PT181,PT181PT181,5226.5,93263.3,97875.2,14323.0,13504.0
PT184,PT184,PT184PT184,8540.8,116625.6,126667.3,13936.0,13376.0
PT185,PT185,PT185PT185,4274.8,237348.9,247431.5,32396.0,30489.0
PT186,PT186,PT186PT186,6083.7,105497.9,118485.1,9172.0,8349.0
PT187,PT187,PT187PT187,7396.0,152813.5,166660.1,17048.0,15955.0
PT200,PT200,PT200PT200,2322.9,240255.2,244212.6,18321.0,18075.0
PT300,PT300,PT300PT300,799.1,252435.2,266170.9,13902.0,13715.0
RO111,RO111,RO111RO111,7537.9,564145.1,575477.4,38744.0,38055.0
RO112,RO112,RO112RO112,5359.7,280015.0,286270.5,18391.0,16822.0
RO113,RO113,RO113RO113,6672.6,704873.7,691044.3,36070.0,33193.0
RO113,RO116,RO113RO116,1.0,0.0,0.5,6.0,6.0
RO114,RO114,RO114RO114,6302.8,462623.4,477977.1,24651.0,22786.0
RO115,RO115,RO115RO115,4418.7,334704.6,344259.4,26036.0,24242.0
RO116,RO116,RO116RO116,3866.6,213727.4,224395.5,17694.0,16519.0
RO121,RO121,RO121RO121,6251.6,328331.2,342267.5,27385.0,25863.0
RO122,RO122,RO122RO122,5363.3,551732.5,549251.4,24765.0,23503.0
RO123,RO123,RO123RO123,3708.4,203008.2,210137.5,12109.0,11304.0
RO124,RO124,RO124RO124,6639.5,304199.3,310864.9,19703.0,18753.0
RO125,RO125,RO125RO125,6708.2,538275.2,550799.6,31565.0,29440.0
RO126,RO126,RO126RO126,5434.5,400134.5,397366.2,19934.0,18417.0
RO211,RO211,RO211RO211,6622.7,590967.9,616192.6,38382.0,36362.0
RO212,RO212,RO212RO212,4984.0,384974.5,412628.7,29083.0,27175.0
RO213,RO213,RO213RO213,5475.4,790577.4,772153.4,43645.0,41133.0
RO214,RO214,RO214RO214,5895.2,447257.8,470790.0,32356.0,30611.0
RO215,RO215,RO215RO215,8553.6,626245.0,634412.1,47013.0,44370.0
RO216,RO216,RO216RO216,5316.1,380057.1,395453.0,27395.0,25721.0
RO221,RO221,RO221RO221,4764.8,294255.1,322031.9,20217.0,19502.0
RO222,RO222,RO222RO222,6101.5,419794.3,451029.7,27333.0,27192.0
RO223,RO223,RO223RO223,7084.6,673029.5,682520.0,44135.0,42816.0
RO224,RO224,RO224RO224,4464.1,509427.7,535438.6,29947.0,28590.0
RO225,RO225,RO225RO225,8470.0,197552.2,212974.3,21936.0,20917.0
RO226,RO226,RO226RO226,4854.9,324479.8,340278.6,22631.0,21347.0
RO311,RO311,RO311RO311,6823.8,585680.7,612513.0,35972.0,33754.0
RO312,RO312,RO312RO312,5079.6,287893.1,306807.4,24429.0,23970.0
RO313,RO313,RO313RO313,4046.1,496520.5,518983.0,30215.0,28291.0
RO314,RO314,RO314RO314,3548.9,268822.5,281597.2,22588.0,21112.0
RO315,RO315,RO315RO315,4454.6,258955.3,274182.9,21292.0,20924.0
RO316,RO316,RO316RO316,4716.2,725632.4,762865.1,39119.0,36611.0
RO317,RO317,RO317RO317,5786.4,341439.9,380078.6,30324.0,29304.0
RO321,RO321,RO321RO321,240.3,1827771.1,1870813.9,18780.0,18511.0
RO322,RO322,RO322RO322,1563.9,473210.4,400644.2,28732.0,25918.0
RO411,RO411,RO411RO411,7418.4,630814.5,660676.7,39593.0,37846.0
RO412,RO412,RO412RO412,5572.7,319860.7,341600.0,33591.0,32076.0
RO413,RO413,RO413RO413,4944.9,245052.9,265400.0,17048.0,16152.0
RO414,RO414,RO414RO414,5504.3,400758.4,436467.5,35094.0,33338.0
RO415,RO415,RO415RO415,5765.4,353157.8,371861.5,25096.0,23768.0
RO421,RO421,RO421RO421,7743.4,419286.3,430677.2,34153.0,32168.0
RO422,RO422,RO422RO422,8529.6,274973.0,295616.3,18759.0,17731.0
RO423,RO423,RO423RO423,7073.4,388630.1,418627.0,24873.0,24195.0
RO424,RO424,RO424RO424,8686.7,701418.6,683544.6,46023.0,41837.0
SE110,SE110,SE110SE110,6922.0,2311505.2,2098951.8,124467.0,119534.0
SE110,SE121,SE110SE121,1.6,30.7,39.4,6.0,3.0
SE121,SE121,SE121SE121,8594.9,374914.0,340481.7,42090.0,39747.0
SE122,SE122,SE122SE122,7030.1,293730.7,273498.0,28991.0,26391.0
SE123,SE123,SE123SE123,12219.3,460137.3,432453.1,44479.0,42232.0
SE124,SE124,SE124SE124,9687.2,301854.6,282717.9,34029.0,31606.0
SE125,SE125,SE125SE125,5687.3,273414.0,255781.3,24680.0,23268.0
SE211,SE211,SE211SE211,11746.6,360557.0,338848.4,38994.0,36087.0
SE212,SE212,SE212SE212,9426.7,199590.8,185655.7,19332.0,17573.0
SE213,SE213,SE213SE213,11592.8,241112.4,230536.5,36731.0,34978.0
SE214,SE214,SE214SE214,3173.3,58740.3,56848.7,15048.0,14524.0
SE221,SE221,SE221SE221,3016.9,154016.7,146734.7,18367.0,17651.0
SE224,SE224,SE224SE224,11358.1,1355444.0,1255338.2,105434.0,101204.0
SE231,SE231,SE231SE231,5705.9,328343.8,303246.0,37718.0,34683.0
SE232,SE232,SE232SE232,28802.5,1690236.6,1583073.9,139044.0,128842.0
SE311,SE311,SE311SE311,21909.5,281157.4,272797.4,34166.0,31579.0
SE312,SE312,SE312SE312,30398.2,286931.1,276190.1,48267.0,45572.0
SE313,SE313,SE313SE313,19685.1,284195.3,274640.3,41210.0,39223.0
SE321,SE321,SE321SE321,23061.7,241306.1,238209.5,37999.0,36418.0
SE322,SE322,SE322SE322,54088.1,130057.4,126083.3,28871.0,27626.0
SE331,SE331,SE331SE331,59211.1,268549.2,258751.9,49866.0,48521.0
SE332,SE332,SE332SE332,105860.3,248837.7,247471.9,64304.0,61344.0
SI031,SI031,SI031SI031,1335.2,115001.1,118886.4,10909.0,10564.0
SI032,SI032,SI032SI032,2170.1,322217.0,322423.0,22158.0,21263.0
SI033,SI033,SI033SI033,1041.0,70486.2,72334.3,3841.0,3357.0
SI034,SI034,SI034SI034,2301.5,254426.7,253511.0,15255.0,13943.0
SI035,SI035,SI035SI035,485.2,57048.1,59086.4,2765.0,2684.0
SI036,SI036,SI036SI036,968.1,75507.7,75727.4,6498.0,6137.0
SI037,SI037,SI037SI037,2671.0,142798.7,142309.0,12208.0,11627.0
SI038,SI038,SI038SI038,1455.3,52330.2,52277.6,4992.0,4812.0
SI041,SI041,SI041SI041,2334.4,542127.2,517721.9,26670.0,25668.0
SI042,SI042,SI042SI042,2136.9,203914.6,203605.2,12328.0,11804.0
SI043,SI043,SI043SI043,2325.2,117282.5,118015.3,8806.0,8505.0
SI044,SI044,SI044SI044,1043.2,112018.1,109109.5,8752.0,8578.0
SK010,SK010,SK010SK010,2051.7,651168.3,603927.3,31113.0,29374.0
SK021,SK021,SK021SK021,4145.4,561972.8,557082.0,38984.0,37599.0
SK022,SK022,SK022SK022,4501.9,587327.3,594331.1,34739.0,33491.0
SK023,SK023,SK023SK023,6342.5,678610.8,690222.4,51638.0,49892.0
SK031,SK031,SK031SK031,6806.8,690903.8,688368.6,42550.0,39954.0
SK032,SK032,SK032SK032,9454.5,649711.5,660587.2,43139.0,41653.0
SK041,SK041,SK041SK041,8971.4,823624.3,813917.1,46617.0,44877.0
SK042,SK042,SK042SK042,6751.7,798999.3,791127.4,45957.0,44728.0
UKC11,UKC11,UKC11UKC11,299.8,286564.9,283305.1,12462.0,12158.0
UKC12,UKC12,UKC12UKC12,299.2,276547.0,273105.9,11394.0,11161.0
UKC13,UKC13,UKC13UKC13,197.6,106725.7,105684.2,4488.0,4263.0
UKC14,UKC14,UKC14UKC14,2233.6,527692.7,513309.4,25695.0,24410.0
UKC21,UKC21,UKC21UKC21,5031.3,320830.3,315537.0,24639.0,23605.0
UKC22,UKC22,UKC22UKC22,405.5,839121.3,824582.1,24570.0,24115.0
UKC23,UKC23,UKC23UKC23,138.8,275412.4,275729.7,9169.0,9022.0
UKD11,UKD11,UKD11UKD11,2077.3,231895.5,235779.3,15634.0,14781.0
UKD12,UKD12,UKD12UKD12,4750.7,266713.7,263844.6,24336.0,22648.0
UKD33,UKD33,UKD33UKD33,115.7,527576.6,497900.4,11119.0,11069.0
UKD34,UKD34,UKD34UKD34,203.3,481526.9,461691.1,14259.0,14171.0
UKD35,UKD35,UKD35UKD35,229.5,516215.2,505274.2,14891.0,14784.0
UKD36,UKD36,UKD36UKD36,328.1,610209.1,594190.6,18076.0,17866.0
UKD37,UKD37,UKD37UKD37,400.3,646367.6,622639.0,17617.0,17336.0
UKD41,UKD41,UKD41UKD41,137.2,148394.7,146911.3,4235.0,4157.0
UKD42,UKD42,UKD42UKD42,35.0,138283.9,140728.6,3313.0,3308.0
UKD44,UKD44,UKD44UKD44,860.7,256325.5,246583.9,11889.0,11261.0
UKD45,UKD45,UKD45UKD45,1007.3,387745.4,381823.9,18913.0,17983.0
UKD46,UKD46,UKD46UKD46,491.4,331855.6,325696.0,10925.0,10518.0
UKD47,UKD47,UKD47UKD47,550.7,231737.1,219980.8,12538.0,12289.0
UKD61,UKD61,UKD61UKD61,180.9,209231.4,202541.7,8534.0,8229.0
UKD62,UKD62,UKD62UKD62,1167.1,381346.8,369751.3,20696.0,19427.0
UKD63,UKD63,UKD63UKD63,917.7,340701.3,329576.1,21398.0,20381.0
UKD71,UKD71,UKD71UKD71,302.1,452918.0,447052.8,17678.0,17411.0
UKD72,UKD72,UKD72UKD72,111.8,473290.4,462148.7,10798.0,10702.0
UKD73,UKD73,UKD73UKD73,153.3,274660.4,274068.2,8928.0,8849.0
UKD74,UKD74,UKD74UKD74,157.2,322659.1,319447.4,10147.0,10097.0
UKE11,UKE11,UKE11UKE11,71.8,256193.3,254053.8,6735.0,6630.0
UKE12,UKE12,UKE12UKE12,2412.4,341060.9,335198.1,26605.0,25186.0
UKE13,UKE13,UKE13UKE13,1039.2,331625.9,326816.1,20973.0,19760.0
UKE21,UKE21,UKE21UKE21,272.1,208745.0,198103.9,7343.0,7193.0
UKE22,UKE22,UKE22UKE22,8049.0,616279.2,598694.3,52128.0,48060.0
UKE31,UKE31,UKE31UKE31,1184.7,820376.7,792105.8,33427.0,32454.0
UKE32,UKE32,UKE32UKE32,367.7,575583.3,551117.4,15409.0,15292.0
UKE41,UKE41,UKE41UKE41,366.7,531083.1,521113.9,13603.0,13269.0
UKE42,UKE42,UKE42UKE42,552.2,782807.8,752353.8,25735.0,25147.0
UKE44,UKE44,UKE44UKE44,773.0,646184.0,626279.1,21488.0,20641.0
UKE45,UKE45,UKE45UKE45,338.9,344492.0,325995.7,13689.0,13163.0
UKF11,UKF11,UKF11UKF11,78.1,253757.5,246541.5,6808.0,6757.0
UKF12,UKF12,UKF12UKF12,502.2,284692.5,278979.2,13426.0,12893.0
UKF13,UKF13,UKF13UKF13,2050.0,510994.6,491918.0,27987.0,26715.0
UKF14,UKF14,UKF14UKF14,74.6,326338.8,300502.5,6857.0,6812.0
UKF15,UKF15,UKF15UKF15,1478.4,474602.1,452258.8,24285.0,23309.0
UKF16,UKF16,UKF16UKF16,609.3,352886.4,340022.6,14534.0,14178.0
UKF21,UKF21,UKF21UKF21,73.4,332476.2,324413.8,6722.0,6659.0
UKF22,UKF22,UKF22UKF22,2479.0,743439.7,693820.9,40295.0,37802.0
UKF24,UKF24,UKF24UKF24,1381.1,398447.0,374756.2,20334.0,19089.0
UKF25,UKF25,UKF25UKF25,987.2,345907.2,316830.5,16567.0,16044.0
UKF30,UKF30,UKF30UKF30,5928.1,752058.9,712117.2,55691.0,52089.0
UKG11,UKG11,UKG11UKG11,2181.3,193033.6,183716.2,15072.0,13831.0
UKG12,UKG12,UKG12UKG12,1741.8,592618.8,566873.4,31199.0,29566.0
UKG13,UKG13,UKG13UKG13,1978.9,575430.6,550858.8,33080.0,31407.0
UKG21,UKG21,UKG21UKG21,290.4,176604.6,166581.0,8135.0,7883.0
UKG22,UKG22,UKG22UKG22,3199.8,321452.4,306221.9,23419.0,21625.0
UKG23,UKG23,UKG23UKG23,93.5,251544.6,247833.7,7678.0,7615.0
UKG24,UKG24,UKG24UKG24,2625.2,878142.7,851609.9,45650.0,43708.0
UKG31,UKG31,UKG31UKG31,268.1,1127513.4,1069015.1,24842.0,24833.0
UKG32,UKG32,UKG32UKG32,178.5,215971.0,207161.5,8734.0,8569.0
UKG33,UKG33,UKG33UKG33,98.6,357383.7,313267.9,7946.0,7892.0
UKG36,UKG36,UKG36UKG36,98.0,320295.7,312285.2,8535.0,8509.0
UKG37,UKG37,UKG37UKG37,85.6,326156.1,309783.4,7943.0,7948.0
UKG38,UKG38,UKG38UKG38,104.0,282504.9,268817.8,7647.0,7603.0
UKG39,UKG39,UKG39UKG39,69.5,259142.9,247908.9,6639.0,6641.0
UKH11,UKH11,UKH11UKH11,343.2,199403.4,183772.8,9490.0,9036.0
UKH12,UKH12,UKH12UKH12,3054.9,646622.6,620035.3,41512.0,36566.0
UKH14,UKH14,UKH14UKH14,3807.5,753824.7,727306.3,48459.0,44656.0
UKH15,UKH15,UKH15UKH15,773.1,368345.7,352106.8,16031.0,14997.0
UKH16,UKH16,UKH16UKH16,2399.7,257478.5,249840.9,24754.0,22951.0
UKH17,UKH17,UKH17UKH17,2213.5,279335.4,256052.1,20408.0,18340.0
UKH21,UKH21,UKH21UKH21,43.4,213882.2,202416.0,4004.0,3996.0
UKH23,UKH23,UKH23UKH23,1643.5,1177283.2,1115756.8,44587.0,43431.0
UKH24,UKH24,UKH24UKH24,476.6,171470.0,158046.0,8425.0,7696.0
UKH25,UKH25,UKH25UKH25,716.0,283141.8,255013.0,14158.0,12756.0
UKH31,UKH31,UKH31UKH31,41.8,180467.0,172573.0,3784.0,3781.0
UKH32,UKH32,UKH32UKH32,163.6,168336.6,157141.6,7315.0,7160.0
UKH34,UKH34,UKH34UKH34,1286.2,487201.8,457130.1,22996.0,21708.0
UKH35,UKH35,UKH35UKH35,1010.8,305749.9,285393.6,17298.0,16281.0
UKH36,UKH36,UKH36UKH36,856.6,318227.6,303575.5,17556.0,16701.0
UKH37,UKH37,UKH37UKH37,327.1,361601.9,345280.3,14038.0,13920.0
UKI31,UKI31,UKI31UKI31,24.7,264940.6,225940.5,2471.0,2471.0
UKI32,UKI32,UKI32UKI32,21.5,247138.4,218027.4,2131.0,2127.0
UKI33,UKI33,UKI33UKI33,28.5,337047.5,335609.4,2856.0,2856.0
UKI34,UKI34,UKI34UKI34,34.3,310461.1,301847.6,3422.0,3419.0
UKI41,UKI41,UKI41UKI41,55.5,613021.9,553268.3,5439.0,5482.0
UKI42,UKI42,UKI42UKI42,19.9,294610.4,244099.3,1978.0,1977.0
UKI43,UKI43,UKI43UKI43,44.4,510797.4,462009.0,4449.0,4449.0
UKI44,UKI44,UKI44UKI44,64.1,612993.7,560217.3,6409.0,6406.0
UKI45,UKI45,UKI45UKI45,26.8,323682.0,304579.5,2683.0,2680.0
UKI51,UKI51,UKI51UKI51,108.1,516908.0,483436.9,9951.0,9958.0
UKI52,UKI52,UKI52UKI52,148.6,462944.4,421738.5,10782.0,10648.0
UKI53,UKI53,UKI53UKI53,95.3,583824.3,539478.8,8232.0,8248.0
UKI54,UKI54,UKI54UKI54,82.2,336529.3,315050.9,6229.0,6181.0
UKI61,UKI61,UKI61UKI61,150.1,330520.8,310491.8,9759.0,9718.0
UKI62,UKI62,UKI62UKI62,86.6,384161.1,363476.1,7568.0,7536.0
UKI63,UKI63,UKI63UKI63,118.7,579703.2,550291.0,11101.0,11078.0
UKI71,UKI71,UKI71UKI71,86.8,387947.0,354225.3,7328.0,7319.0
UKI72,UKI72,UKI72UKI72,43.3,333232.9,314957.7,4302.0,4302.0
UKI73,UKI73,UKI73UKI73,55.5,343940.9,340983.8,5393.0,5390.0
UKI74,UKI74,UKI74UKI74,166.3,554172.9,512471.9,13035.0,13064.0
UKI75,UKI75,UKI75UKI75,114.3,459643.6,437319.7,10555.0,10458.0
UKJ11,UKJ11,UKJ11UKJ11,1264.8,907253.4,859524.6,37189.0,36006.0
UKJ12,UKJ12,UKJ12UKJ12,308.9,266884.3,248311.0,11406.0,10938.0
UKJ13,UKJ13,UKJ13UKJ13,1565.7,543542.2,508727.0,28000.0,27001.0
UKJ14,UKJ14,UKJ14UKJ14,2607.2,677093.5,654670.3,39442.0,37009.0
UKJ21,UKJ21,UKJ21UKJ21,83.0,287872.6,271126.5,4915.0,4904.0
UKJ22,UKJ22,UKJ22UKJ22,1714.4,551375.6,526693.4,24663.0,23572.0
UKJ25,UKJ25,UKJ25UKJ25,1000.8,781542.1,750914.6,39575.0,38720.0
UKJ26,UKJ26,UKJ26UKJ26,670.0,401368.5,381867.9,20826.0,20397.0
UKJ27,UKJ27,UKJ27UKJ27,1084.2,455403.2,429596.8,20190.0,19412.0
UKJ28,UKJ28,UKJ28UKJ28,910.4,403735.6,377552.1,19559.0,18296.0
UKJ31,UKJ31,UKJ31UKJ31,40.6,208390.8,203695.5,3533.0,3569.0
UKJ32,UKJ32,UKJ32UKJ32,50.2,242743.8,232418.0,4879.0,4861.0
UKJ34,UKJ34,UKJ34UKJ34,382.9,140613.9,137317.4,7491.0,7192.0
UKJ35,UKJ35,UKJ35UKJ35,235.6,453521.2,435185.5,14757.0,14448.0
UKJ36,UKJ36,UKJ36UKJ36,2559.5,551634.0,526855.7,36367.0,34007.0
UKJ37,UKJ37,UKJ37UKJ37,888.6,364242.3,352426.7,16619.0,15647.0
UKJ41,UKJ41,UKJ41UKJ41,191.8,275053.3,261262.2,8028.0,7913.0
UKJ43,UKJ43,UKJ43UKJ43,546.5,357221.8,333730.0,14258.0,13444.0
UKJ44,UKJ44,UKJ44UKJ44,1084.8,534561.8,503776.8,23468.0,22740.0
UKJ45,UKJ45,UKJ45UKJ45,973.8,298836.0,272541.3,13993.0,12488.0
UKJ46,UKJ46,UKJ46UKJ46,942.6,368085.7,350072.0,23134.0,22352.0
UKK11,UKK11,UKK11UKK11,110.4,457787.9,425177.2,10128.0,10062.0
UKK12,UKK12,UKK12UKK12,1223.5,687635.8,642787.7,30076.0,28756.0
UKK13,UKK13,UKK13UKK13,2656.8,633446.8,595794.4,37446.0,34660.0
UKK14,UKK14,UKK14UKK14,230.1,219896.1,208625.4,7743.0,7115.0
UKK15,UKK15,UKK15UKK15,3257.8,498094.1,471777.3,31751.0,28767.0
UKK21,UKK21,UKK21UKK21,115.0,344199.2,330622.0,9302.0,9286.0
UKK22,UKK22,UKK22UKK22,2551.4,423294.8,411840.9,29389.0,27422.0
UKK23,UKK23,UKK23UKK23,3455.3,560603.4,530097.9,35960.0,33281.0
UKK30,UKK30,UKK30UKK30,3577.3,567180.1,532051.6,44000.0,41461.0
UKK41,UKK41,UKK41UKK41,80.6,254566.3,253961.4,6508.0,6468.0
UKK42,UKK42,UKK42UKK42,63.2,135295.4,130332.9,4044.0,3963.0
UKK43,UKK43,UKK43UKK43,6578.8,793404.5,744879.6,59944.0,55707.0
UKL11,UKL11,UKL11UKL11,720.9,70140.3,69718.4,6323.0,6041.0
UKL12,UKL12,UKL12UKL12,2553.7,124119.0,121205.5,12961.0,12480.0
UKL13,UKL13,UKL13UKL13,1974.7,211806.2,208098.2,13474.0,12436.0
UKL14,UKL14,UKL14UKL14,5787.8,385289.0,380870.2,37260.0,34850.0
UKL15,UKL15,UKL15UKL15,536.4,300667.8,293532.6,11867.0,11564.0
UKL16,UKL16,UKL16UKL16,512.3,343849.2,339461.5,13222.0,12909.0
UKL17,UKL17,UKL17UKL17,692.3,286938.5,278963.7,14270.0,13943.0
UKL18,UKL18,UKL18UKL18,380.2,242598.5,237707.3,9383.0,9161.0
UKL21,UKL21,UKL21UKL21,1041.9,245919.6,236528.8,15002.0,14485.0
UKL22,UKL22,UKL22UKL22,471.7,480706.9,470484.5,17034.0,16630.0
UKL23,UKL23,UKL23UKL23,942.9,291134.4,287317.9,16888.0,16148.0
UKL24,UKL24,UKL24UKL24,5198.0,133599.5,132842.9,15527.0,13468.0
UKM21,UKM71,UKM21UKM71,2246.6,260803.9,260393.1,14590.0,13693.0
UKM22,UKM72,UKM22UKM72,1483.2,420920.6,413511.9,25505.0,24640.0
UKM23,UKM73,UKM23UKM73,1034.5,196076.2,181379.7,11838.0,10968.0
UKM24,UKM91,UKM24UKM91,4741.6,115737.8,113390.1,14209.0,12750.0
UKM25,UKM75,UKM25UKM75,263.0,513929.4,474547.0,14097.0,13814.0
UKM26,UKM76,UKM26UKM76,297.5,160388.7,155659.2,7515.0,7092.0
UKM27,UKM77,UKM27UKM77,7641.1,246359.5,236472.9,22345.0,21022.0
UKM28,UKM78,UKM28UKM78,428.8,182113.7,174806.0,8919.0,8497.0
UKM31,UKM81,UKM31UKM81,733.2,220323.0,220138.4,10818.0,10488.0
UKM32,UKM92,UKM32UKM92,6441.5,148918.7,150303.5,22670.0,18967.0
UKM33,UKM93,UKM33UKM93,1710.5,250398.5,253225.6,19101.0,17611.0
UKM34,UKM82,UKM34UKM82,175.0,615248.6,583622.0,14880.0,14704.0
UKM35,UKM83,UKM35UKM83,597.9,349797.0,347112.2,14844.0,14578.0
UKM36,UKM84,UKM36UKM84,472.4,340320.9,336901.4,14457.0,14003.0
UKM37,UKM94,UKM37UKM94,1223.6,112464.3,112397.0,9371.0,8516.0
UKM38,UKM95,UKM38UKM95,1775.0,321121.8,315192.9,15800.0,15318.0
UKM50,UKM50,UKM50UKM50,6509.5,487940.8,472582.0,37331.0,33795.0
UKM61,UKM61,UKM61UKM61,13058.7,91839.1,92252.6,17220.0,15661.0
UKM62,UKM62,UKM62UKM62,7940.4,201740.0,195727.6,23538.0,20320.0
UKM63,UKM63,UKM63UKM63,14417.1,92019.0,93404.8,19366.0,18159.0
UKM64,UKM64,UKM64UKM64,3045.4,25645.0,26501.1,5368.0,5131.0
UKM65,UKM65,UKM65UKM65,978.2,20972.9,19896.7,3645.0,3635.0
UKM66,UKM66,UKM66UKM66,1412.0,20874.2,21024.2,3461.0,3435.0
UKN01,UKN06,UKN01UKN06,114.6,288682.8,280575.0,8230.0,8189.0
UKN02,UKN06,UKN02UKN06,22.5,52498.8,51195.0,1517.0,1498.0
UKN02,UKN09,UKN02UKN09,81.4,80196.3,77854.5,3507.0,3452.0
UKN02,UKN0D,UKN02UKN0D,150.8,86598.9,84284.8,4074.0,3944.0
UKN02,UKN0E,UKN02UKN0E,508.2,145797.5,134294.5,8443.0,7945.0
UKN02,UKN0F,UKN02UKN0F,81.3,38669.3,38258.6,1889.0,1856.0
UKN03,UKN07,UKN03UKN07,740.4,149694.5,137279.7,7942.0,7563.0
UKN03,UKN08,UKN03UKN08,735.4,74518.8,70615.6,6787.0,6375.0
UKN03,UKN09,UKN03UKN09,377.8,80314.5,76981.6,5871.0,5605.0
UKN03,UKN0D,UKN03UKN0D,576.6,55491.6,52884.6,5399.0,5098.0
UKN03,UKN0F,UKN03UKN0F,967.6,99533.5,94663.2,7707.0,7103.0
UKN04,UKN0A,UKN04UKN0A,1248.4,150814.5,145972.1,9297.0,8372.0
UKN04,UKN0C,UKN04UKN0C,1983.5,144650.3,138452.1,14857.0,13215.0
UKN05,UKN07,UKN05UKN07,694.6,64612.6,59398.2,5058.0,4654.0
UKN05,UKN08,UKN05UKN08,902.8,105783.9,98088.1,8443.0,8030.0
UKN05,UKN0B,UKN05UKN0B,1953.7,147927.7,136211.2,13265.0,11617.0
UKN05,UKN0G,UKN05UKN0G,3005.4,117588.9,108385.7,12115.0,10459.0
